"ID","Player","Team","Position","RkOv","Status","Opponent","FPts","FP/G","Ros %","+/-"
"*03dx3*","Kieran Trippier","NEW","D","1","Kang","TOT Sun 9:00AM","484.25","16.14","100%","0%"
"*02lol*","Harry Kane","TOT","F","2","#COYS","@NEW Sun 9:00AM","484","15.61","100%","0%"
"*061vq*","Erling Haaland","MCI","F","3","Ange","","474","16.93","100%","-0.1%"
"*04y92*","Bukayo Saka","ARS","M","4","#COYS","SOU 3<br/>@ARS 3 F","462","14.44","100%","0%"
"*02oox*","Kevin De Bruyne","MCI","M","5","ARTKRS","","452","16.14","100%","0%"
"*052h5*","Gabriel Martinelli","ARS","M","6","ARTKRS","SOU 3<br/>@ARS 3 F","438.5","13.7","100%","0%"
"*04e1k*","Solly March","BHA","M","7","RAZZ","","417","14.38","85%","-0.2%"
"*05r9b*","Martin Odegaard","ARS","M","8","ARTKRS","SOU 3<br/>@ARS 3 F","416","13.42","100%","0%"
"*05gcr*","Bruno Fernandes","MUN","M","9","JOE","","402.5","13.88","100%","0%"
"*03v6w*","Ivan Toney","BRF","F","10","JOE","AVL 1<br/>@BRF 1 F","393.5","13.12","100%","0%"
"*03aqp*","Mohamed Salah","LIV","F","11","Kang","NOT 2<br/>@LIV 3 F","391","12.61","100%","0%"
"*05ocl*","Ollie Watkins","AVL","F","12","#COYS","AVL 1<br/>@BRF 1 F","353","11.39","100%","0%"
"*02oq8*","James Ward-Prowse","SOU","M","13","Kang","SOU 3<br/>@ARS 3 F","345.5","10.8","100%","0%"
"*03ybi*","Marcus Rashford","MUN","F","14","RAZZ","","332.5","11.47","100%","+0.1%"
"*05tqx*","David Raya","BRF","G","15","Ange","AVL 1<br/>@BRF 1 F","323","10.09","87%","-0.2%"
"*0414o*","James Maddison","LEI","M","16","RAZZ","WOL 1<br/>@LEI 2 F","318.5","13.27","100%","0%"
"*04qr9*","Morgan Gibbs-White","NOT","M","27","RAZZ","NOT 2<br/>@LIV 3 F","304","9.81","77%","-1.8%"
"*05u94*","Michael Olise","CRY","M","19","Kang","EVE 0<br/>@CRY 0 F","303.5","9.79","97%","+0.5%"
"*03v9d*","Son Heung-Min","TOT","F","17","JOE","@NEW Sun 9:00AM","300.5","10.36","100%","0%"
"*0520r*","Leandro Trossard","ARS","M","18","JOE","SOU 3<br/>@ARS 3 F","299.5","9.98","99%","-0.2%"
"*03srg*","Trent Alexander-Arnold","LIV","D","24","#COYS","NOT 2<br/>@LIV 3 F","298.5","9.95","100%","0%"
"*04fk1*","Pascal Gross","BHA","M","20","RAZZ","","297.5","10.26","99%","-0.3%"
"*05nt6*","Eberechi Eze","CRY","M","23","#COYS","EVE 0<br/>@CRY 0 F","297","9.28","99%","+1%"
"*03jly*","Andreas Pereira","FUL","M","21","Ange","LEE 1<br/>@FUL 2 F","294.5","9.5","90%","+0.9%"
"*04tig*","Fabian Schar","NEW","D","22","RAZZ","TOT Sun 9:00AM","291","10.39","85%","+0.1%"
"*046c5*","Jarrod Bowen","WHU","M","25","Ange","@BOU Sun 9:00AM","289","9.63","100%","+0.2%"
"*038ze*","Alex Iwobi","EVE","M","26","#COYS","EVE 0<br/>@CRY 0 F","287.5","8.98","82%","+0.9%"
"*05trb*","Bryan Mbeumo","BRF","F","35","ARTKRS","AVL 1<br/>@BRF 1 F","283","8.84","95%","+0.8%"
"*0427d*","James Tarkowski","EVE","D","36","Kang","EVE 0<br/>@CRY 0 F","278","8.69","96%","-0.4%"
"*02lm7*","Jack Grealish","MCI","M","28","Ange","","276","11.5","100%","0%"
"*045c8*","Gabriel Jesus","ARS","F","29","RAZZ","SOU 3<br/>@ARS 3 F","274.5","13.72","100%","0%"
"*03dx7*","Ben Mee","BRF","D","37","JOE","AVL 1<br/>@BRF 1 F","273.25","8.81","84%","-0.6%"
"*05tr9*","Mathias Jensen","BRF","M","31","W (Tue)","AVL 1<br/>@BRF 1 F","272.5","8.52","79%","-0.2%"
"*04spq*","Jack Harrison","LEE","M","30","Ange","LEE 1<br/>@FUL 2 F","269.5","8.98","98%","+0.3%"
"*0524k*","Rodri","MCI","M","32","#COYS","","266.5","9.19","99%","-0.4%"
"*062ci*","Kaoru Mitoma","BHA","M","33","RAZZ","","266","11.08","81%","-0.3%"
"*04abb*","Phil Foden","MCI","M","34","#COYS","","265","11.04","99%","-0.2%"
"*04spp*","Douglas Luiz","AVL","M","40","W (Tue)","AVL 1<br/>@BRF 1 F","264","8.52","76%","+2.8%"
"*0522h*","Alexis Mac Allister","BHA","M","38","Kang","","262","10.08","92%","-0.1%"
"*04sjt*","Alisson","LIV","G","39","JOE","NOT 2<br/>@LIV 3 F","261","8.42","99%","+0.2%"
"*04qor*","Bernd Leno","FUL","G","42","RAZZ","LEE 1<br/>@FUL 2 F","254","8.76","71%","+5.9%"
"*02lz0*","Emiliano Martinez","AVL","G","43","ARTKRS","AVL 1<br/>@BRF 1 F","252.5","8.42","84%","+6.8%"
"*0554i*","Joelinton","NEW","M","41","RAZZ","TOT Sun 9:00AM","252","9.69","98%","-0.3%"
"*061x2*","Darwin Nunez","LIV","F","44","Ange","NOT 2<br/>@LIV 3 F","251","10.04","100%","0%"
"*04yo6*","Miguel Almiron","NEW","M","45","ARTKRS","TOT Sun 9:00AM","246","9.46","83%","+5%"
"*044ei*","Nick Pope","NEW","G","46","#COYS","TOT Sun 9:00AM","245.5","8.18","98%","-0.1%"
"*05o6h*","Kai Havertz","CHE","F","47","W (Tue)","","245","8.45","96%","-1.7%"
"*03scr*","Aleksandar Mitrovic","FUL","F","48","W (Tue)","LEE 1<br/>@FUL 2 F","243","11.57","79%","-2.2%"
"*05oyq*","Said Benrahma","WHU","M","49","FA","@BOU Sun 9:00AM","242.5","8.66","92%","+4.9%"
"*05udg*","Jose Sa","WOL","G","56","Kang","WOL 1<br/>@LEI 2 F","242.25","7.57","89%","+9.3%"
"*04f67*","Philip Billing","BOU","M","50","FA","WHU Sun 9:00AM","242","8.07","77%","+1.8%"
"*04e1e*","Ben White","ARS","D","51","JOE","SOU 3<br/>@ARS 3 F","241.75","7.55","93%","+0.2%"
"*04agz*","Declan Rice","WHU","M","52","FA","@BOU Sun 9:00AM","239.5","7.98","96%","+2%"
"*0435m*","Granit Xhaka","ARS","M","53","W (Tue)","SOU 3<br/>@ARS 3 F","239.5","7.73","79%","-2.1%"
"*05tr1*","Ethan Pinnock","BRF","D","57","#COYS","AVL 1<br/>@BRF 1 F","239","9.96","90%","+0.5%"
"*05nzu*","Gabriel Magalhaes","ARS","D","54","JOE","SOU 3<br/>@ARS 3 F","238","7.44","99%","+0.2%"
"*04p0d*","Dwight McNeil","EVE","M","59","Kang","EVE 0<br/>@CRY 0 F","238","7.93","80%","+2.8%"
"*043qz*","Pierre-Emile Hojbjerg","TOT","M","55","JOE","@NEW Sun 9:00AM","235.5","7.85","94%","+0.5%"
"*061yd*","Ivan Perisic","TOT","M","58","Kang","@NEW Sun 9:00AM","234.5","8.09","95%","+0.7%"
"*03gu5*","Andrew Robertson","LIV","D","71","Kang","NOT 2<br/>@LIV 3 F","232.25","8.29","100%","+0.1%"
"*04abn*","Harvey Barnes","LEI","M","60","W (Tue)","WOL 1<br/>@LEI 2 F","231.5","8.27","92%","-4.3%"
"*02lsa*","Dan Burn","NEW","D","61","#COYS","TOT Sun 9:00AM","229","7.63","94%","-0.2%"
"*061ya*","Brennan Johnson","NOT","F","65","W (Tue)","NOT 2<br/>@LIV 3 F","229","7.16","79%","-7.9%"
"*04qr6*","Ruben Neves","WOL","M","62","W (Tue)","WOL 1<br/>@LEI 2 F","228.5","7.88","89%","-0.6%"
"*051k3*","Jacob Ramsey","AVL","M","63","Kang","AVL 1<br/>@BRF 1 F","228.5","7.88","82%","+12.3%"
"*0435t*","Ilkay Gundogan","MCI","M","64","ARTKRS","","225","8.65","99%","-0.4%"
"*05o4c*","Timothy Castagne","LEI","D","77","#COYS","WOL 1<br/>@LEI 2 F","224.75","7.25","82%","+4.2%"
"*032f9*","Jordan Pickford","EVE","G","73","W (Tue)","EVE 0<br/>@CRY 0 F","224.5","7.24","56%","+0.8%"
"*063zg*","Pervis Estupinan","BHA","D","66","RAZZ","","223.75","8.61","76%","-2.2%"
"*04qfz*","Diogo Dalot","MUN","D","67","Kang","","222","10.57","97%","0%"
"*04ge6*","Joe Willock","NEW","M","68","FA","TOT Sun 9:00AM","221.5","7.64","72%","-2.8%"
"*02ln1*","David de Gea","MUN","G","70","W (Tue)","","219.5","7.32","80%","-10.4%"
"*03rxz*","Roberto Firmino","LIV","F","69","W (Tue)","NOT 2<br/>@LIV 3 F","219.5","9.54","70%","-11.2%"
"*03fgo*","Dominic Solanke","BOU","F","72","RAZZ","WHU Sun 9:00AM","214.5","8.25","82%","+11.5%"
"*03yq8*","Demarai Gray","EVE","M","76","W (Tue)","EVE 0<br/>@CRY 0 F","213.5","7.12","88%","-1%"
"*05gcc*","Kiernan Dewsbury-Hall","LEI","M","79","W (Tue)","WOL 1<br/>@LEI 2 F","213.5","7.36","67%","-3.8%"
"*04amh*","Aaron Ramsdale","ARS","G","74","W (Tue)","SOU 3<br/>@ARS 3 F","213.25","6.66","96%","+0.8%"
"*051kl*","Emiliano Buendia","AVL","M","90","W (Tue)","AVL 1<br/>@BRF 1 F","213","6.66","85%","+3%"
"*05rb8*","Moises Caicedo","BHA","M","75","W (Tue)","","212.5","7.59","65%","-1.3%"
"*05ylx*","Dejan Kulusevski","TOT","M","78","RAZZ","@NEW Sun 9:00AM","210.5","9.15","99%","-0.2%"
"*02oq6*","Luke Shaw","MUN","D","80","ARTKRS","","209","8.71","96%","-0.9%"
"*03dyp*","Riyad Mahrez","MCI","F","81","ARTKRS","","208.5","9.48","98%","-0.8%"
"*03sgc*","Jordan Ayew","CRY","F","88","ARTKRS","EVE 0<br/>@CRY 0 F","208.5","6.52","62%","+4.4%"
"*0522s*","Che Adams","SOU","F","82","W (Tue)","SOU 3<br/>@ARS 3 F","208","8.32","66%","-3.5%"
"*062a9*","Sven Botman","NEW","D","84","FA","TOT Sun 9:00AM","207.25","7.4","96%","-0.4%"
"*04u40*","Kepa Arrizabalaga","CHE","G","83","W (Tue)","","207.25","9.01","50%","-13.1%"
"*05nnx*","Rodrigo","LEE","F","85","W (Tue)","LEE 1<br/>@FUL 2 F","207","8.28","78%","+3.3%"
"*05oeh*","Kenny Tete","FUL","D","86","RAZZ","LEE 1<br/>@FUL 2 F","205.5","8.22","72%","+5.5%"
"*04fk6*","Bernardo Silva","MCI","M","87","JOE","","204","7.29","96%","-2.6%"
"*02lym*","Lukasz Fabianski","WHU","G","89","FA","@BOU Sun 9:00AM","202","7.21","49%","+13.9%"
"*03r8x*","Callum Wilson","NEW","F","91","FA","TOT Sun 9:00AM","199","8.65","95%","-0.8%"
"*04rhc*","Vicente Guaita","CRY","G","92","W (Tue)","EVE 0<br/>@CRY 0 F","198.5","7.35","16%","-1.3%"
"*037mo*","Willian","FUL","F","93","Ange","LEE 1<br/>@FUL 2 F","194.5","8.84","70%","+5.3%"
"*05gcq*","Daniel Podence","WOL","F","95","JOE","WOL 1<br/>@LEI 2 F","194.5","6.71","68%","-2.7%"
"*05tqz*","Rico Henry","BRF","D","94","W (Tue)","AVL 1<br/>@BRF 1 F","192.5","6.21","59%","-1.5%"
"*05ylj*","Bruno Guimaraes","NEW","M","96","FA","TOT Sun 9:00AM","192","8","98%","+0.3%"
"*05os9*","Thomas Partey","ARS","M","97","W (Tue)","SOU 3<br/>@ARS 3 F","190.5","7.06","70%","+1%"
"*02lpn*","Eric Dier","TOT","D","98","FA","@NEW Sun 9:00AM","190.25","6.56","86%","-3.5%"
"*05gcp*","Tomas Soucek","WHU","M","99","FA","@BOU Sun 9:00AM","189","6.3","69%","+2.7%"
"*03vlj*","Virgil van Dijk","LIV","D","103","W (Tue)","NOT 2<br/>@LIV 3 F","186","7.15","100%","+0.3%"
"*03rzp*","Antonee Robinson","FUL","D","100","ARTKRS","LEE 1<br/>@FUL 2 F","185.75","6.63","71%","+4.3%"
"*0639x*","Marcus Tavernier","BOU","M","101","FA","WHU Sun 9:00AM","185.5","8.83","62%","+3.3%"
"*0327v*","Wilfried Zaha","CRY","F","102","JOE","EVE 0<br/>@CRY 0 F","185","7.71","90%","-2.5%"
"*02oo1*","Ben Davies","TOT","D","104","FA","@NEW Sun 9:00AM","183.5","7.34","53%","-1.9%"
"*0558w*","William Saliba","ARS","D","105","W (Tue)","SOU 3<br/>@ARS 3 F","182.5","6.76","76%","-5.1%"
"*061z4*","Marc Roca","LEE","M","106","W (Tue)","LEE 1<br/>@FUL 2 F","182","6.5","30%","+6.1%"
"*04yo7*","Youri Tielemans","LEI","M","107","W (Tue)","WOL 1<br/>@LEI 2 F","180","7.2","85%","+7.7%"
"*0647t*","Lucas Paqueta","WHU","M","108","Ange","@BOU Sun 9:00AM","178","8.48","70%","+5.3%"
"*061vp*","Brenden Aaronson","LEE","M","109","W (Tue)","LEE 1<br/>@FUL 2 F","177","5.71","58%","+1.2%"
"*062ot*","Cheick Doucoure","CRY","M","113","W (Tue)","EVE 0<br/>@CRY 0 F","177","6.1","31%","+9.5%"
"*043c1*","Oleksandr Zinchenko","ARS","D","110","Ange","SOU 3<br/>@ARS 3 F","175.75","7.32","96%","-1.1%"
"*05uns*","Leon Bailey","AVL","F","111","W (Tue)","AVL 1<br/>@BRF 1 F","175.5","6.05","55%","-6.8%"
"*03dyl*","Jeffrey Schlupp","CRY","M","118","ARTKRS","EVE 0<br/>@CRY 0 F","174.5","5.63","42%","+12.1%"
"*02w72*","Hugo Lloris","TOT","G","112","FA","@NEW Sun 9:00AM","174","7.25","69%","-5.3%"
"*052cd*","Mason Mount","CHE","M","115","JOE","","173","7.21","87%","-5.7%"
"*05tr8*","Christian Norgaard","BRF","M","116","W (Tue)","AVL 1<br/>@BRF 1 F","173","7.86","71%","+1.5%"
"*05ylw*","Rodrigo Bentancur","TOT","M","114","FA","@NEW Sun 9:00AM","173","9.61","27%","-1.5%"
"*037mt*","Harrison Reed","FUL","M","117","W (Tue)","LEE 1<br/>@FUL 2 F","173","5.77","26%","+11.4%"
"*05os8*","Joachim Andersen","CRY","D","132","W (Tue)","EVE 0<br/>@CRY 0 F","171.75","6.61","71%","+5.9%"
"*03rec*","Tyrone Mings","AVL","D","120","W (Tue)","AVL 1<br/>@BRF 1 F","171.75","5.92","70%","+14.8%"
"*051k0*","John McGinn","AVL","M","121","W (Tue)","AVL 1<br/>@BRF 1 F","171.5","6.12","72%","+5%"
"*02lnx*","Danny Welbeck","BHA","F","119","W (Tue)","","171.5","7.46","51%","+1.9%"
"*063zi*","Matheus Nunes","WOL","M","125","W (Tue)","WOL 1<br/>@LEI 2 F","170.5","6.09","42%","+14.7%"
"*05ybq*","Vitalii Mykolenko","EVE","D","137","JOE","EVE 0<br/>@CRY 0 F","169.5","5.47","38%","+0.2%"
"*062dt*","Joao Palhinha","FUL","M","122","W (Tue)","LEE 1<br/>@FUL 2 F","167.5","5.98","47%","+1.4%"
"*063e3*","Neto","BOU","G","123","FA","WHU Sun 9:00AM","167","7.95","26%","+8.9%"
"*063hu*","Amadou Onana","EVE","M","124","W (Tue)","EVE 0<br/>@CRY 0 F","167","5.96","20%","-4.3%"
"*037wp*","Christian Eriksen","MUN","M","127","#COYS","","164","7.81","89%","+2.3%"
"*04yey*","Max Kilman","WOL","D","126","W (Tue)","WOL 1<br/>@LEI 2 F","163.75","5.12","53%","+9.9%"
"*03u2b*","Adama Traore","WOL","F","128","W (Tue)","WOL 1<br/>@LEI 2 F","163.5","5.84","35%","-2.2%"
"*05w9m*","Emerson Royal","TOT","D","129","FA","@NEW Sun 9:00AM","163.25","7.42","37%","-2.7%"
"*05mzz*","Pascal Struijk","LEE","D","130","W (Tue)","LEE 1<br/>@FUL 2 F","162.75","6.51","53%","-5.4%"
"*04gw7*","Jadon Sancho","MUN","M","131","JOE","","160.5","8.92","92%","-3.9%"
"*056iw*","Allan Saint-Maximin","NEW","M","133","Kang","TOT Sun 9:00AM","159.5","7.97","91%","-3.1%"
"*04tzt*","Jefferson Lerma","BOU","M","134","FA","WHU Sun 9:00AM","158.5","5.28","24%","+1.6%"
"*04t3s*","Joao Moutinho","WOL","M","136","W (Tue)","WOL 1<br/>@LEI 2 F","158.5","5.28","23%","-1.1%"
"*03v6t*","Ben Chilwell","CHE","D","135","RAZZ","","158.25","7.91","93%","-3.2%"
"*05a6e*","Neco Williams","NOT","D","152","W (Tue)","NOT 2<br/>@LIV 3 F","156.75","5.22","44%","-1.5%"
"*062pl*","Lisandro Martinez","MUN","D","138","JOE","","154.5","5.72","49%","-8.6%"
"*05mzt*","Illan Meslier","LEE","G","139","W (Tue)","LEE 1<br/>@FUL 2 F","154","4.81","21%","-0.6%"
"*05nt7*","Thiago Silva","CHE","D","140","W (Tue)","","152.5","7.26","77%","-3.9%"
"*0646f*","Alexander Isak","NEW","F","142","Kang","TOT Sun 9:00AM","152","10.86","83%","0%"
"*0642l*","Casemiro","MUN","M","141","W (Tue)","","152","7.6","71%","-2.7%"
"*02t1a*","Danny Ward","LEI","G","143","W (Tue)","WOL 1<br/>@LEI 2 F","150.75","5.8","7%","-0.3%"
"*062cn*","Julian Alvarez","MCI","F","144","Ange","","149","6.48","78%","-6.4%"
"*03rxa*","Idrissa Gueye","EVE","M","148","W (Tue)","EVE 0<br/>@CRY 0 F","148","5.48","15%","+0.8%"
"*03dxq*","Danny Ings","WHU","F","145","FA","@BOU Sun 9:00AM","147.5","5.27","54%","-0.1%"
"*04ug0*","Sean Longstaff","NEW","M","146","FA","TOT Sun 9:00AM","146.5","4.88","24%","-1.2%"
"*03ena*","Aaron Cresswell","WHU","D","147","FA","@BOU Sun 9:00AM","144.5","6.57","75%","+12.1%"
"*062p9*","Kalidou Koulibaly","CHE","D","149","W (Tue)","","144.5","6.57","69%","-8.5%"
"*051k7*","Reece James","CHE","D","150","ARTKRS","","144","9","99%","-0.5%"
"*04e1c*","Lewis Dunk","BHA","D","151","W (Tue)","","143.5","4.95","41%","-8.5%"
"*050jq*","Marc Guehi","CRY","D","171","Ange","EVE 0<br/>@CRY 0 F","142.5","4.6","45%","+14.1%"
"*02lkp*","Raheem Sterling","CHE","F","154","W (Tue)","","140.5","6.39","85%","-9.7%"
"*04rd0*","Bobby De Cordova-Reid","FUL","F","153","W (Tue)","LEE 1<br/>@FUL 2 F","140","4.67","35%","+6.2%"
"*05rl4*","Crysencio Summerville","LEE","M","155","W (Tue)","LEE 1<br/>@FUL 2 F","140","5.83","21%","+4.1%"
"*0649i*","Antony","MUN","F","156","Kang","","139.5","7.75","75%","+0.3%"
"*02m6x*","Tim Ream","FUL","D","157","W (Tue)","LEE 1<br/>@FUL 2 F","139.25","4.49","37%","+6.6%"
"*05akv*","Tyrick Mitchell","CRY","D","178","W (Tue)","EVE 0<br/>@CRY 0 F","138.75","4.62","48%","+21.3%"
"*04fk5*","Ederson","MCI","G","158","W (Tue)","","138.5","4.62","78%","-5.4%"
"*03arh*","Kurt Zouma","WHU","D","159","FA","@BOU Sun 9:00AM","138.25","6.58","41%","+13.3%"
"*05mxa*","Joel Veltman","BHA","D","160","W (Tue)","","137.5","5.09","35%","-16.3%"
"*03g40*","Kelechi Iheanacho","LEI","F","183","W (Tue)","WOL 1<br/>@LEI 2 F","137","5.48","40%","+22%"
"*05tre*","Vitaly Janelt","BRF","M","161","W (Tue)","AVL 1<br/>@BRF 1 F","136.5","4.71","13%","+2.3%"
"*055c3*","Gavin Bazunu","SOU","G","162","W (Tue)","SOU 3<br/>@ARS 3 F","136.25","4.26","7%","-0.3%"
"*04kj7*","Serge Aurier","NOT","D","163","W (Tue)","NOT 2<br/>@LIV 3 F","135.75","7.54","23%","-5.3%"
"*03yww*","Dean Henderson","NOT","G","164","W (Tue)","NOT 2<br/>@LIV 3 F","135","7.5","20%","-0.5%"
"*062h7*","Tyler Adams","LEE","M","165","W (Tue)","LEE 1<br/>@FUL 2 F","134.5","5.6","15%","-1.3%"
"*05u4m*","Patson Daka","LEI","F","175","W (Tue)","WOL 1<br/>@LEI 2 F","133.5","5.34","31%","+5.9%"
"*0687b*","Alex Moreno","AVL","D","166","Ange","AVL 1<br/>@BRF 1 F","133.25","9.52","70%","+6.5%"
"*05uor*","Yoane Wissa","BRF","F","167","W (Tue)","AVL 1<br/>@BRF 1 F","132","4.12","16%","-2.1%"
"*03r93*","Joseph Gomez","LIV","D","168","W (Tue)","NOT 2<br/>@LIV 3 F","131.5","6.58","20%","-2%"
"*04xjr*","Harvey Elliott","LIV","M","169","W (Tue)","NOT 2<br/>@LIV 3 F","130.5","4.83","26%","-3.7%"
"*04rf1*","Mohamed Elyounoussi","SOU","M","170","W (Tue)","SOU 3<br/>@ARS 3 F","130","4.64","6%","+0.8%"
"*04qr8*","Diogo Jota","LIV","F","209","#COYS","NOT 2<br/>@LIV 3 F","129.5","8.63","96%","+4.5%"
"*05w9i*","Marc Cucurella","CHE","D","172","W (Tue)","","129.25","5.39","66%","-9.3%"
"*05opk*","Vladimir Coufal","WHU","D","173","FA","@BOU Sun 9:00AM","128.25","6.11","38%","+11.6%"
"*051k8*","Conor Gallagher","CHE","M","174","W (Tue)","","128","4.57","46%","-4.6%"
"*02lk5*","Jordan Henderson","LIV","M","180","W (Tue)","NOT 2<br/>@LIV 3 F","128","4.57","43%","+19.7%"
"*05w9q*","Odsonne Edouard","CRY","F","176","ARTKRS","EVE 0<br/>@CRY 0 F","127","4.38","44%","+4.2%"
"*0649k*","Wout Faes","LEI","D","186","W (Tue)","WOL 1<br/>@LEI 2 F","126.75","5.07","17%","+3.3%"
"*04qqv*","Fred","MUN","M","177","W (Tue)","","126.5","4.69","15%","-2.6%"
"*061ve*","Ryan Christie","BOU","M","179","FA","WHU Sun 9:00AM","124.5","4.98","4%","+0.4%"
"*05ojg*","Nelson Semedo","WOL","D","182","W (Tue)","WOL 1<br/>@LEI 2 F","124.25","4.14","26%","+6.6%"
"*05uoc*","Cristian Romero","TOT","D","181","FA","@NEW Sun 9:00AM","123","5.59","74%","-3.8%"
"*03vll*","Michail Antonio","WHU","F","184","FA","@BOU Sun 9:00AM","120.5","4.46","64%","+11.1%"
"*052ca*","Ezri Konsa","AVL","D","189","W (Tue)","AVL 1<br/>@BRF 1 F","119.5","3.73","24%","+5.2%"
"*043qy*","Lewis Cook","BOU","M","185","FA","WHU Sun 9:00AM","119.5","5.2","3%","0%"
"*04mdn*","Anthony Gordon","NEW","M","187","FA","TOT Sun 9:00AM","119","4.96","59%","-6.1%"
"*067yv*","Cody Gakpo","LIV","F","188","#COYS","NOT 2<br/>@LIV 3 F","118.5","8.46","80%","+0.9%"
"*05n5p*","Mohammed Salisu","SOU","D","190","W (Tue)","SOU 3<br/>@ARS 3 F","117","5.32","15%","-1%"
"*02lny*","Ashley Young","AVL","D","191","W (Tue)","AVL 1<br/>@BRF 1 F","116.75","4.86","34%","+14.6%"
"*03ek4*","Patrick Bamford","LEE","F","192","W (Tue)","LEE 1<br/>@FUL 2 F","116.5","5.07","50%","-7.5%"
"*04yme*","Robert Sanchez","BHA","G","193","W (Tue)","","114.75","4.99","26%","-2.6%"
"*068lx*","Dango Ouattara","BOU","F","195","FA","WHU Sun 9:00AM","114","9.5","49%","+4%"
"*04ge9*","Eddie Nketiah","ARS","F","194","W (Tue)","SOU 3<br/>@ARS 3 F","114","4.56","32%","-1.5%"
"*05omu*","Ruben Dias","MCI","D","196","W (Tue)","","113.5","5.16","83%","-8.2%"
"*04s8k*","Jorginho","ARS","M","197","W (Tue)","SOU 3<br/>@ARS 3 F","112.5","4.33","41%","-2.3%"
"*05u5e*","Romain Perraud","SOU","D","198","W (Tue)","SOU 3<br/>@ARS 3 F","112.5","4.02","7%","+0.1%"
"*048xg*","Josh Dasilva","BRF","M","199","W (Tue)","AVL 1<br/>@BRF 1 F","112.5","3.63","6%","-0.5%"
"*064a0*","Wilfried Gnonto","LEE","F","200","W (Tue)","LEE 1<br/>@FUL 2 F","111.5","5.87","29%","-6.3%"
"*04adp*","Aaron Wan-Bissaka","MUN","D","201","#COYS","","110.25","8.48","44%","-7.4%"
"*05nuh*","Robin Koch","LEE","D","202","W (Tue)","LEE 1<br/>@FUL 2 F","109.75","3.54","10%","-0.6%"
"*02lpl*","Seamus Coleman","EVE","D","203","W (Tue)","EVE 0<br/>@CRY 0 F","109.25","4.97","6%","-2.2%"
"*0329y*","Joel Ward","CRY","D","228","W (Tue)","EVE 0<br/>@CRY 0 F","109.25","4.97","6%","+3.7%"
"*05mzw*","Luke Ayling","LEE","D","204","W (Tue)","LEE 1<br/>@FUL 2 F","109","4.74","14%","-4.7%"
"*02y6o*","Nathan Ake","MCI","D","205","W (Tue)","","108.25","4.71","42%","-10.3%"
"*02m4d*","Craig Dawson","WOL","D","206","W (Tue)","WOL 1<br/>@LEI 2 F","108.25","5.41","19%","+5.4%"
"*056ir*","Adam Webster","BHA","D","207","W (Tue)","","107.25","4.66","15%","-3.2%"
"*0620j*","Armel Bella Kotchap","SOU","D","208","W (Tue)","SOU 3<br/>@ARS 3 F","106.75","4.85","8%","-0.2%"
"*04rhd*","Fabinho","LIV","M","226","W (Tue)","NOT 2<br/>@LIV 3 F","105.5","3.64","31%","+1.4%"
"*062h9*","Luis Sinisterra","LEE","F","211","W (Tue)","LEE 1<br/>@FUL 2 F","105","5.83","46%","-1.7%"
"*04qos*","Issa Diop","FUL","D","210","W (Tue)","LEE 1<br/>@FUL 2 F","105","5.53","6%","-0.8%"
"*05up6*","Raphael Varane","MUN","D","212","Ange","","104.5","4.98","43%","-4.5%"
"*0521z*","James Justin","LEI","D","213","W (Tue)","WOL 1<br/>@LEI 2 F","103","7.36","20%","-0.2%"
"*03dyk*","Jamie Vardy","LEI","F","227","W (Tue)","WOL 1<br/>@LEI 2 F","102","3.29","51%","+4.1%"
"*05mzx*","Liam Cooper","LEE","D","214","W (Tue)","LEE 1<br/>@FUL 2 F","101.25","6.75","20%","+3.1%"
"*061vk*","Jaidon Anthony","BOU","F","215","FA","WHU Sun 9:00AM","100.5","4.19","10%","-0.2%"
"*062ed*","Rasmus Kristensen","LEE","D","216","W (Tue)","LEE 1<br/>@FUL 2 F","100.25","4.77","14%","+0.1%"
"*056at*","Jordan Zemura","BOU","D","217","FA","WHU Sun 9:00AM","99.75","5.25","2%","0%"
"*02vlk*","Cesar Azpilicueta","CHE","D","218","W (Tue)","","99","5.21","17%","-1%"
"*063u9*","Remo Freuler","NOT","M","221","W (Tue)","NOT 2<br/>@LIV 3 F","99","3.54","1%","0%"
"*062oq*","Joe Ayodele-Aribo","SOU","M","219","W (Tue)","SOU 3<br/>@ARS 3 F","98.5","4.92","7%","-0.6%"
"*05unu*","Romeo Lavia","SOU","M","220","W (Tue)","SOU 3<br/>@ARS 3 F","98","4.26","6%","+0.1%"
"*04io4*","Richarlison","TOT","F","222","FA","@NEW Sun 9:00AM","97.5","4.88","71%","-1.6%"
"*04u41*","Mateo Kovacic","CHE","M","223","W (Tue)","","97","4.22","25%","-6.9%"
"*05o4b*","Matty Cash","AVL","D","224","W (Tue)","AVL 1<br/>@BRF 1 F","96.5","4.2","48%","-2.8%"
"*02yl5*","John Stones","MCI","D","225","Ange","","96.25","5.35","59%","-6%"
"*05oh2*","Thiago","LIV","M","229","W (Tue)","NOT 2<br/>@LIV 3 F","96","5.65","56%","-5.3%"
"*05n3v*","Konstantinos Tsimikas","LIV","D","230","W (Tue)","NOT 2<br/>@LIV 3 F","94.5","5.91","10%","-1.8%"
"*03vlm*","Anthony Martial","MUN","F","231","W (Tue)","","94","7.23","70%","-10.9%"
"*063zh*","Thilo Kehrer","WHU","D","232","FA","@BOU Sun 9:00AM","93.5","4.25","6%","+3.9%"
"*03am7*","Jacob Murphy","NEW","M","233","FA","TOT Sun 9:00AM","91.5","3.05","12%","-7.7%"
"*051lc*","Pablo Fornals","WHU","M","234","FA","@BOU Sun 9:00AM","91","3.64","34%","-0.3%"
"*02ljr*","Conor Coady","EVE","D","235","W (Tue)","EVE 0<br/>@CRY 0 F","90.5","4.11","22%","-1.3%"
"*063e7*","Marcos Senesi","BOU","D","236","FA","WHU Sun 9:00AM","89.75","3.45","5%","-0.3%"
"*068yj*","Felipe","NOT","D","250","W (Tue)","NOT 2<br/>@LIV 3 F","89.5","8.14","36%","-2.5%"
"*062ft*","Tyrell Malacia","MUN","D","238","W (Tue)","","88.75","5.22","30%","-14.7%"
"*062ir*","Clement Lenglet","TOT","D","237","FA","@NEW Sun 9:00AM","88.75","4.23","16%","-9.8%"
"*061vj*","Kieffer Moore","BOU","F","239","FA","WHU Sun 9:00AM","88.5","4.21","6%","-0.1%"
"*05os4*","Rayan Ait-Nouri","WOL","D","240","W (Tue)","WOL 1<br/>@LEI 2 F","88","4.4","32%","-0.3%"
"*05vyj*","Evan Ferguson","BHA","F","241","W (Tue)","","87","6.69","35%","-13.5%"
"*03zsq*","Kyle Walker-Peters","SOU","D","242","W (Tue)","SOU 3<br/>@ARS 3 F","86.5","3.46","20%","-1.1%"
"*05n07*","Pedro Porro","TOT","D","244","ARTKRS","@NEW Sun 9:00AM","85.5","10.69","71%","-0.3%"
"*03yu2*","Abdoulaye Doucoure","EVE","M","243","W (Tue)","EVE 0<br/>@CRY 0 F","85.5","4.5","9%","-2.2%"
"*0649j*","Manuel Akanji","MCI","D","245","W (Tue)","","84.5","3.67","32%","-5.2%"
"*03yeg*","Tosin Adarabioyo","FUL","D","246","Ange","LEE 1<br/>@FUL 2 F","84.25","4.68","17%","+13.5%"
"*061va*","Boubacar Kamara","AVL","M","247","W (Tue)","AVL 1<br/>@BRF 1 F","84","4.2","5%","-0.4%"
"*0633p*","Gianluca Scamacca","WHU","F","248","FA","@BOU Sun 9:00AM","83.5","5.22","28%","-1.6%"
"*0327r*","Michael Keane","EVE","D","293","W (Tue)","EVE 0<br/>@CRY 0 F","83.5","9.28","28%","+1.4%"
"*061y6*","Ryan Yates","NOT","M","249","W (Tue)","NOT 2<br/>@LIV 3 F","81.5","3.88","2%","-0.1%"
"*04tm0*","Lucas Digne","AVL","D","276","W (Tue)","AVL 1<br/>@BRF 1 F","80.75","3.51","41%","-1.4%"
"*068ym*","Enzo Fernandez","CHE","M","253","#COYS","","80.5","7.32","72%","-6.2%"
"*06329*","Manor Solomon","FUL","F","254","W (Tue)","LEE 1<br/>@FUL 2 F","80.5","6.71","27%","-9.2%"
"*04rzl*","Taiwo Awoniyi","NOT","F","251","W (Tue)","NOT 2<br/>@LIV 3 F","80.5","3.83","20%","-1%"
"*04fk9*","Jan Bednarek","SOU","D","252","W (Tue)","SOU 3<br/>@ARS 3 F","80.5","4.74","4%","-0.5%"
"*061xw*","Joe Worrall","NOT","D","256","W (Tue)","NOT 2<br/>@LIV 3 F","80.5","3.35","1%","-0.1%"
"*05yld*","Luis Diaz","LIV","F","259","ARTKRS","NOT 2<br/>@LIV 3 F","80","8","95%","+0.2%"
"*04qfm*","Ryan Sessegnon","TOT","D","255","FA","@NEW Sun 9:00AM","80","4.71","16%","-0.3%"
"*02lp5*","Adam Smith","BOU","D","257","FA","WHU Sun 9:00AM","79.75","2.66","2%","+0.1%"
"*05opl*","Wesley Fofana","CHE","D","258","W (Tue)","","79.5","6.62","55%","-16.8%"
"*04aiz*","Wilfred Ndidi","LEI","M","264","W (Tue)","WOL 1<br/>@LEI 2 F","79.5","3.46","6%","-1.8%"
"*06873*","Joao Felix","CHE","F","260","RAZZ","","79","7.18","73%","-5.4%"
"*051k5*","Lloyd Kelly","BOU","D","261","FA","WHU Sun 9:00AM","78.5","4.91","9%","+0.4%"
"*02opy*","Adam Lallana","BHA","M","262","W (Tue)","","78.5","4.91","3%","-0.3%"
"*04rd1*","Stuart Armstrong","SOU","M","263","W (Tue)","SOU 3<br/>@ARS 3 F","78","3","11%","0%"
"*05tz8*","Emmanuel Dennis","NOT","F","265","W (Tue)","NOT 2<br/>@LIV 3 F","77.5","4.31","6%","-4.4%"
"*0647l*","Renan Lodi","NOT","D","266","W (Tue)","NOT 2<br/>@LIV 3 F","77.5","3.52","6%","-0.5%"
"*04ge8*","Reiss Nelson","ARS","F","267","W (Tue)","SOU 3<br/>@ARS 3 F","76","12.67","5%","-0.5%"
"*05u7f*","Ibrahima Konate","LIV","D","284","W (Tue)","NOT 2<br/>@LIV 3 F","75.5","5.81","74%","+11.7%"
"*03m5c*","Ruben Loftus-Cheek","CHE","M","268","W (Tue)","","75","3.75","5%","-1.1%"
"*04civ*","Scott McTominay","MUN","M","269","W (Tue)","","75","3.57","5%","-2.7%"
"*02lzn*","Theo Walcott","SOU","M","270","W (Tue)","SOU 3<br/>@ARS 3 F","75","5.36","3%","+1%"
"*05tr5*","Mads Roerslev","BRF","D","271","W (Tue)","AVL 1<br/>@BRF 1 F","74.75","4.67","1%","0%"
"*02m5b*","Chris Wood","NOT","F","272","W (Tue)","NOT 2<br/>@LIV 3 F","74.5","2.98","12%","-0.9%"
"*06804*","Benoit Badiashile","CHE","D","273","W (Tue)","","73.75","8.19","37%","-13.7%"
"*03ysm*","Daniel Amartey","LEI","D","274","W (Tue)","WOL 1<br/>@LEI 2 F","72.5","3.62","2%","-0.1%"
"*02lv9*","James Milner","LIV","M","275","W (Tue)","NOT 2<br/>@LIV 3 F","72","3","1%","-0.1%"
"*061y0*","Scott McKenna","NOT","D","277","W (Tue)","NOT 2<br/>@LIV 3 F","70.75","3.54","1%","0%"
"*03m3q*","Ainsley Maitland-Niles","SOU","M","278","W (Tue)","SOU 3<br/>@ARS 3 F","70.5","3.92","2%","-0.3%"
"*04yim*","Christian Pulisic","CHE","M","279","W (Tue)","","70","3.33","36%","-13.4%"
"*03gu4*","Harry Maguire","MUN","D","280","W (Tue)","","68.75","5.29","27%","-10.2%"
"*05w91*","Hwang Hee-Chan","WOL","F","301","W (Tue)","WOL 1<br/>@LEI 2 F","68.5","3.26","5%","+0.8%"
"*03ar4*","Adam Armstrong","SOU","F","281","W (Tue)","SOU 3<br/>@ARS 3 F","68.5","2.74","4%","+0.5%"
"*04qfo*","Neeskens Kebano","FUL","M","282","W (Tue)","LEE 1<br/>@FUL 2 F","68.5","5.27","1%","-0.1%"
"*067zu*","Maximilian Wober","LEE","D","287","W (Tue)","LEE 1<br/>@FUL 2 F","68","6.18","9%","+2.3%"
"*062p0*","Stefan Bajcetic","LIV","D","283","W (Tue)","NOT 2<br/>@LIV 3 F","68","6.18","4%","-1%"
"*0620k*","Nayef Aguerd","WHU","D","285","FA","@BOU Sun 9:00AM","67.5","5.62","5%","-0.2%"
"*0632a*","Sekou Mara","SOU","F","286","W (Tue)","SOU 3<br/>@ARS 3 F","67.5","3.21","1%","0%"
"*02yhi*","Philippe Coutinho","AVL","M","289","W (Tue)","AVL 1<br/>@BRF 1 F","67","3.35","36%","-0.6%"
"*05u1m*","Nathan Collins","WOL","D","288","W (Tue)","WOL 1<br/>@LEI 2 F","67","3.19","7%","0%"
"*04tcc*","Jonny","WOL","D","291","W (Tue)","WOL 1<br/>@LEI 2 F","66.75","3.71","16%","-0.1%"
"*056iy*","Pedro Neto","WOL","F","296","W (Tue)","WOL 1<br/>@LEI 2 F","66.5","4.75","40%","-4.4%"
"*05u5d*","Boubakary Soumare","LEI","M","311","W (Tue)","WOL 1<br/>@LEI 2 F","66.5","3.33","1%","+0.4%"
"*04qrc*","Raul Jimenez","WOL","F","292","W (Tue)","WOL 1<br/>@LEI 2 F","66","5.08","34%","-1.9%"
"*067yz*","Matheus Cunha","WOL","F","290","W (Tue)","WOL 1<br/>@LEI 2 F","66","5.08","15%","+4.6%"
"*04ylt*","Chris Mepham","BOU","D","294","FA","WHU Sun 9:00AM","64.75","2.82","6%","+3.4%"
"*04mqv*","Emerson","WHU","D","295","FA","@BOU Sun 9:00AM","64.75","4.05","4%","-0.4%"
"*061z3*","Fabio Vieira","ARS","M","297","RAZZ","SOU 3<br/>@ARS 3 F","64.5","3.23","40%","+27%"
"*068yo*","Kamaldeen Sulemana","SOU","M","300","W (Tue)","SOU 3<br/>@ARS 3 F","64","5.33","6%","-1.7%"
"*02oq7*","Jack Stephens","BOU","D","299","FA","WHU Sun 9:00AM","64","4","1%","+0.2%"
"*03rxs*","Harry Wilson","FUL","M","298","ARTKRS","LEE 1<br/>@FUL 2 F","63.5","2.89","44%","+18.4%"
"*04mup*","Trevoh Chalobah","CHE","D","302","W (Tue)","","62.5","3.47","11%","-4%"
"*061xs*","Julio Enciso","BHA","F","304","W (Tue)","","62.5","5.68","8%","+7.4%"
"*0522r*","Moussa Djenepo","SOU","M","303","W (Tue)","SOU 3<br/>@ARS 3 F","62.5","4.46","4%","-0.1%"
"*05mxb*","Hakim Ziyech","CHE","M","308","W (Tue)","","62","4.43","18%","-0.8%"
"*056mf*","Neal Maupay","EVE","F","307","W (Tue)","EVE 0<br/>@CRY 0 F","62","2.7","9%","-3.2%"
"*03yr0*","Daniel James","FUL","M","306","W (Tue)","LEE 1<br/>@FUL 2 F","62","3.1","4%","-0.1%"
"*0687c*","Carlos Alcaraz","SOU","M","305","W (Tue)","SOU 3<br/>@ARS 3 F","62","5.17","3%","0%"
"*05r4r*","Sam Greenwood","LEE","F","309","W (Tue)","LEE 1<br/>@FUL 2 F","61","4.07","1%","-0.1%"
"*062og*","Aaron Hickey","BRF","D","310","W (Tue)","AVL 1<br/>@BRF 1 F","59","2.95","14%","-1%"
"*063q8*","Mikkel Damsgaard","BRF","M","312","W (Tue)","AVL 1<br/>@BRF 1 F","58.5","2.92","2%","-0.8%"
"*068yr*","Hamed Traore","BOU","M","313","Kang","WHU Sun 9:00AM","58","8.29","24%","-6.9%"
"*05raa*","Hugo Bueno","WOL","D","314","W (Tue)","WOL 1<br/>@LEI 2 F","57.75","3.4","1%","0%"
"*04u6i*","Leander Dendoncker","AVL","M","315","W (Tue)","AVL 1<br/>@BRF 1 F","57.5","2.74","6%","+2.2%"
"*0637b*","Orel Mangala","NOT","M","325","W (Tue)","NOT 2<br/>@LIV 3 F","57","2.71","0%","0%"
"*05w9r*","Takehiro Tomiyasu","ARS","D","316","W (Tue)","SOU 3<br/>@ARS 3 F","56.5","2.69","26%","-0.2%"
"*03rvw*","Harry Toffolo","NOT","D","317","W (Tue)","NOT 2<br/>@LIV 3 F","55","3.67","2%","0%"
"*05tr2*","Pontus Jansson","BRF","D","318","W (Tue)","AVL 1<br/>@BRF 1 F","54.75","4.56","13%","-0.3%"
"*060wh*","Alejandro Garnacho Ferreyra","MUN","M","319","W (Tue)","","54.5","3.63","8%","-0.6%"
"*04rha*","Jason Steele","BHA","G","320","W (Tue)","","54.25","9.04","11%","-11.1%"
"*03eki*","Cheikhou Kouyate","NOT","M","321","W (Tue)","NOT 2<br/>@LIV 3 F","54","3.6","1%","-0.1%"
"*04qr0*","Willy Boly","NOT","D","323","W (Tue)","NOT 2<br/>@LIV 3 F","53.5","6.69","2%","-0.1%"
"*0649n*","Duje Caleta-Car","SOU","D","324","W (Tue)","SOU 3<br/>@ARS 3 F","52.75","4.4","1%","0%"
"*049tq*","Dominic Calvert-Lewin","EVE","F","329","W (Tue)","EVE 0<br/>@CRY 0 F","52.5","4.38","62%","+9.4%"
"*04io3*","Mario Lemina","WOL","M","327","W (Tue)","WOL 1<br/>@LEI 2 F","52","4","2%","+0.9%"
"*04mcg*","Ben Johnson","WHU","D","326","FA","@BOU Sun 9:00AM","51.25","3.94","1%","0%"
"*02xtd*","Sam Johnstone","CRY","G","374","W (Tue)","EVE 0<br/>@CRY 0 F","50.5","16.83","32%","+23%"
"*04k4n*","Harry Souttar","LEI","D","328","W (Tue)","WOL 1<br/>@LEI 2 F","49.75","4.97","5%","-0.6%"
"*05yg5*","Toti","WOL","D","322","W (Tue)","WOL 1<br/>@LEI 2 F","49.5","4.5","17%","+12.1%"
"*0372y*","Matt Targett","NEW","D","333","FA","TOT Sun 9:00AM","49","3.77","36%","+0.3%"
"*068yf*","Weston McKennie","LEE","M","331","W (Tue)","LEE 1<br/>@FUL 2 F","49","3.77","15%","+0.3%"
"*067zv*","Kevin Schade","BRF","M","354","W (Tue)","AVL 1<br/>@BRF 1 F","49","4.08","9%","-5.5%"
"*04t95*","Oliver Skipp","TOT","M","332","FA","@NEW Sun 9:00AM","49","3.06","4%","-0.8%"
"*05r8o*","Jean-Philippe Mateta","CRY","F","330","W (Tue)","EVE 0<br/>@CRY 0 F","49","1.88","3%","0%"
"*05opn*","Carlos Vinicius","FUL","F","334","W (Tue)","LEE 1<br/>@FUL 2 F","48.5","2.2","4%","-1.8%"
"*03z3w*","Joe Rothwell","BOU","M","335","FA","WHU Sun 9:00AM","48.5","3.23","1%","+0.1%"
"*068yn*","Marcel Sabitzer","MUN","M","336","W (Tue)","","47.5","5.94","33%","-11.6%"
"*02ltw*","Fraser Forster","TOT","G","337","FA","@NEW Sun 9:00AM","47.25","6.75","4%","-0.6%"
"*068ya*","Tete","LEI","F","351","W (Tue)","WOL 1<br/>@LEI 2 F","47","4.7","15%","+1.8%"
"*03rxb*","Angelo Ogbonna","WHU","D","339","FA","@BOU Sun 9:00AM","47","4.27","1%","-0.1%"
"*043by*","Nampalys Mendy","LEI","M","338","W (Tue)","WOL 1<br/>@LEI 2 F","47","2.76","0%","0%"
"*02lp9*","Kyle Walker","MCI","D","340","W (Tue)","","46.75","2.46","53%","-8.1%"
"*02lni*","Jesse Lingard","NOT","M","341","W (Tue)","NOT 2<br/>@LIV 3 F","46.5","2.74","27%","-0.1%"
"*068a7*","Pablo Sarabia","WOL","M","343","W (Tue)","WOL 1<br/>@LEI 2 F","46","3.83","14%","+2.7%"
"*04fk8*","Victor Lindelof","MUN","D","342","W (Tue)","","46","3.83","5%","-5.5%"
"*03ekk*","Diego Costa","WOL","F","345","W (Tue)","WOL 1<br/>@LEI 2 F","45","2.5","10%","+5.1%"
"*05u7a*","Junior Firpo","LEE","D","346","W (Tue)","LEE 1<br/>@FUL 2 F","44.75","2.98","3%","-1.6%"
"*05oje*","Edouard Mendy","CHE","G","348","W (Tue)","","44.5","4.94","35%","-0.7%"
"*05ojf*","Fabio Carvalho","LIV","M","347","W (Tue)","NOT 2<br/>@LIV 3 F","44.5","3.71","10%","-0.3%"
"*05uhw*","Samuel Edozie","SOU","F","349","W (Tue)","SOU 3<br/>@ARS 3 F","44","2.75","1%","0%"
"*05ylv*","Wout Weghorst","MUN","F","350","W (Tue)","","43.5","3.95","19%","-8.8%"
"*05795*","Dennis Praet","LEI","M","356","W (Tue)","WOL 1<br/>@LEI 2 F","43.5","2.29","0%","0%"
"*05yct*","Nathan Patterson","EVE","D","352","W (Tue)","EVE 0<br/>@CRY 0 F","42.5","2.83","3%","-0.1%"
"*05749*","Kieran Tierney","ARS","D","355","W (Tue)","SOU 3<br/>@ARS 3 F","42","1.91","38%","-3%"
"*04qfy*","Ricardo Pereira","LEI","D","353","W (Tue)","WOL 1<br/>@LEI 2 F","42","5.25","18%","-6.1%"
"*068yq*","Keylor Navas","NOT","G","344","W (Tue)","NOT 2<br/>@LIV 3 F","41.75","3.48","15%","0%"
"*02t1k*","Nathaniel Clyne","CRY","D","357","W (Tue)","EVE 0<br/>@CRY 0 F","40.25","1.83","1%","0%"
"*068n9*","Victor Kristiansen","LEI","D","400","W (Tue)","WOL 1<br/>@LEI 2 F","38.5","4.28","4%","+0.7%"
"*04mlb*","Lewis O'Brien","NOT","M","359","W (Tue)","NOT 2<br/>@LIV 3 F","38.5","2.96","1%","0%"
"*0328q*","Tom Cairney","FUL","M","358","W (Tue)","LEE 1<br/>@FUL 2 F","38.5","1.48","0%","0%"
"*05ue7*","Frank Onyeka","BRF","M","365","W (Tue)","AVL 1<br/>@BRF 1 F","38.5","2.57","0%","0%"
"*05gvx*","Armando Broja","CHE","F","360","W (Tue)","","38","3.17","8%","-0.3%"
"*068yp*","Paul Onuachu","SOU","F","361","W (Tue)","SOU 3<br/>@ARS 3 F","38","4.22","3%","-0.6%"
"*04mqu*","Aymeric Laporte","MCI","D","362","W (Tue)","","37.5","4.69","51%","-6.2%"
"*04jyc*","Davinson Sanchez","TOT","D","363","FA","@NEW Sun 9:00AM","36.75","2.45","5%","+0.1%"
"*068a1*","Mykhailo Mudryk","CHE","M","364","Ange","","36.5","3.65","49%","-6%"
"*05vys*","Lyanco","SOU","D","366","W (Tue)","SOU 3<br/>@ARS 3 F","36","2.4","0%","0%"
"*062p5*","Levi Colwill","BHA","D","367","W (Tue)","","35.75","3.58","4%","-0.9%"
"*04sft*","Yves Bissouma","TOT","M","368","FA","@NEW Sun 9:00AM","35.5","1.77","18%","0%"
"*05ogb*","Anthony Elanga","MUN","F","370","W (Tue)","","35.5","2.22","7%","-0.1%"
"*03r8i*","Steve Cook","NOT","D","369","W (Tue)","NOT 2<br/>@LIV 3 F","35.5","2.96","2%","0%"
"*0435s*","Joel Matip","LIV","D","372","W (Tue)","NOT 2<br/>@LIV 3 F","35","2.92","37%","-1.1%"
"*05opj*","Elliot Anderson","NEW","M","371","FA","TOT Sun 9:00AM","35","2.33","1%","-0.1%"
"*051ki*","Ben Godfrey","EVE","D","373","W (Tue)","EVE 0<br/>@CRY 0 F","34.75","2.9","1%","-1.3%"
"*05uel*","Kristoffer Ajer","BRF","D","375","W (Tue)","AVL 1<br/>@BRF 1 F","34.25","3.81","1%","-0.1%"
"*04spw*","James Garner","EVE","M","386","W (Tue)","EVE 0<br/>@CRY 0 F","34","3.4","5%","+3.6%"
"*068yd*","Joao Gomes","WOL","M","389","W (Tue)","WOL 1<br/>@LEI 2 F","34","4.86","3%","+0.3%"
"*068a3*","Danilo","NOT","M","384","W (Tue)","NOT 2<br/>@LIV 3 F","34","4.25","1%","-0.2%"
"*05m46*","Luke Thomas","LEI","D","376","W (Tue)","WOL 1<br/>@LEI 2 F","33.75","2.81","1%","+0.2%"
"*03v6s*","Mason Holgate","EVE","D","387","W (Tue)","EVE 0<br/>@CRY 0 F","33.25","5.54","2%","+0.4%"
"*068n8*","Noni Madueke","CHE","F","377","W (Tue)","","33","6.6","8%","-2.6%"
"*05ue3*","Albert Sambi Lokonga","CRY","M","378","W (Tue)","EVE 0<br/>@CRY 0 F","33","2.36","1%","0%"
"*03srm*","N'Golo Kante","CHE","M","380","W (Tue)","","32.5","8.12","45%","-8.8%"
"*05ojh*","Diego Llorente","LEE","D","381","W (Tue)","LEE 1<br/>@FUL 2 F","32.5","4.06","4%","0%"
"*04f6o*","Will Hughes","CRY","M","379","W (Tue)","EVE 0<br/>@CRY 0 F","32.5","1.48","0%","0%"
"*05os3*","Ibrahima Diallo","SOU","M","382","W (Tue)","SOU 3<br/>@ARS 3 F","32","1.78","0%","0%"
"*02lz9*","Alex Oxlade-Chamberlain","LIV","M","383","W (Tue)","NOT 2<br/>@LIV 3 F","31.5","3.5","1%","0%"
"*05trd*","Shandon Baptiste","BRF","M","385","W (Tue)","AVL 1<br/>@BRF 1 F","31","1.82","0%","0%"
"*04mqy*","Pierre-Emerick Aubameyang","CHE","F","388","W (Tue)","","30","2.31","13%","-1.7%"
"*04fyg*","Zanka","BRF","D","390","W (Tue)","AVL 1<br/>@BRF 1 F","29.75","2.12","0%","0%"
"*05yly*","Deniz Undav","BHA","F","392","W (Tue)","","29","2.23","6%","0%"
"*05a6d*","Tariq Lamptey","BHA","D","393","W (Tue)","","28.5","1.43","22%","-0.4%"
"*04ami*","Luka Milivojevic","CRY","M","394","W (Tue)","EVE 0<br/>@CRY 0 F","28","1.75","0%","-0.1%"
"*062h8*","Moussa Niakhate","NOT","D","391","W (Tue)","NOT 2<br/>@LIV 3 F","27.75","3.47","2%","-0.3%"
"*035n1*","Bertrand Traore","AVL","M","396","W (Tue)","AVL 1<br/>@BRF 1 F","27.5","5.5","5%","-4.1%"
"*04vy4*","Mark Travers","BOU","G","395","FA","WHU Sun 9:00AM","27.5","2.5","2%","0%"
"*05x9k*","Jeremy Sarmiento","BHA","F","397","W (Tue)","","26.5","2.94","0%","0%"
"*062x7*","Rico Lewis","MCI","D","398","W (Tue)","","26.25","2.62","6%","-1.4%"
"*05y9n*","Lewis Hall","CHE","M","399","W (Tue)","","26","5.2","1%","0%"
"*02m5i*","Jack Colback","NOT","M","401","W (Tue)","NOT 2<br/>@LIV 3 F","25.5","2.32","0%","0%"
"*068ye*","Matias Vina","BOU","D","403","FA","WHU Sun 9:00AM","25","5","1%","+1.2%"
"*02lkm*","Jonjo Shelvey","NOT","M","402","W (Tue)","NOT 2<br/>@LIV 3 F","25","2.27","1%","-0.2%"
"*052i5*","Daniel Iversen","LEI","G","414","W (Tue)","WOL 1<br/>@LEI 2 F","24.25","4.04","4%","+1.9%"
"*062p3*","Keane Lewis-Potter","BRF","F","404","W (Tue)","AVL 1<br/>@BRF 1 F","24","2.4","2%","-0.1%"
"*04o82*","Curtis Jones","LIV","M","406","W (Tue)","NOT 2<br/>@LIV 3 F","23.5","2.14","18%","+14.1%"
"*0689w*","Georginio Rutter","LEE","F","407","W (Tue)","LEE 1<br/>@FUL 2 F","23","2.3","2%","-0.4%"
"*05re5*","Carney Chukwuemeka","CHE","M","405","W (Tue)","","23","2.09","1%","0%"
"*05m9r*","Ellis Simms","EVE","F","408","W (Tue)","EVE 0<br/>@CRY 0 F","22.5","2.5","0%","-0.2%"
"*04rhe*","Naby Keita","LIV","M","409","W (Tue)","NOT 2<br/>@LIV 3 F","22","2.75","5%","-0.4%"
"*064a1*","Boubacar Traore","WOL","M","410","W (Tue)","WOL 1<br/>@LEI 2 F","22","2.75","0%","0%"
"*044nm*","Rob Holding","ARS","D","411","W (Tue)","SOU 3<br/>@ARS 3 F","21.75","1.81","31%","+13%"
"*040ah*","Tom Davies","EVE","M","412","W (Tue)","EVE 0<br/>@CRY 0 F","21.5","1.13","0%","0%"
"*03wpc*","Sam Surridge","NOT","F","413","W (Tue)","NOT 2<br/>@LIV 3 F","21","1.17","1%","0%"
"*05osa*","Robin Olsen","AVL","G","425","W (Tue)","AVL 1<br/>@BRF 1 F","20.5","5.12","1%","0%"
"*0635j*","Chris Richards","CRY","D","416","W (Tue)","EVE 0<br/>@CRY 0 F","20.25","2.53","1%","0%"
"*04u6k*","Yerry Mina","EVE","D","415","W (Tue)","EVE 0<br/>@CRY 0 F","20.25","6.75","1%","0%"
"*05n3u*","Joe Gelhardt","LEE","F","417","W (Tue)","LEE 1<br/>@FUL 2 F","20","1.33","1%","0%"
"*04sat*","Emile Smith Rowe","ARS","M","418","W (Tue)","SOU 3<br/>@ARS 3 F","19.5","2.17","33%","-0.6%"
"*055sf*","Arnaut Danjuma Groeneveld","TOT","F","419","FA","@NEW Sun 9:00AM","19","6.33","7%","+4.1%"
"*02lw2*","Asmir Begovic","EVE","G","420","W (Tue)","EVE 0<br/>@CRY 0 F","18.75","18.75","1%","0%"
"*0522a*","James Bree","SOU","D","421","W (Tue)","SOU 3<br/>@ARS 3 F","18.5","6.17","0%","0%"
"*03r8r*","Ryan Fraser","NEW","M","422","FA","TOT Sun 9:00AM","18","2.25","1%","0%"
"*063w0*","Sergio Gomez","MCI","M","423","W (Tue)","","18","2.25","1%","0%"
"*061vg*","Siriki Dembele","BOU","M","424","FA","WHU Sun 9:00AM","17.5","2.92","0%","0%"
"*02t1j*","Calum Chambers","AVL","D","436","W (Tue)","AVL 1<br/>@BRF 1 F","14.5","1.21","0%","0%"
"*05trk*","Saman Ghoddos","BRF","F","426","W (Tue)","AVL 1<br/>@BRF 1 F","14","1.17","0%","0%"
"*04u6q*","Caglar Soyuncu","LEI","D","468","W (Tue)","WOL 1<br/>@LEI 2 F","13.75","3.44","2%","+1.2%"
"*05l8q*","Cole Palmer","MCI","M","428","W (Tue)","","13.5","1.23","2%","0%"
"*064a3*","Denis Zakaria","CHE","M","429","W (Tue)","","13.5","1.93","1%","-0.7%"
"*062hb*","Flynn Downes","WHU","M","427","FA","@BOU Sun 9:00AM","13.5","0.84","0%","0%"
"*02ln2*","Jonny Evans","LEI","D","430","W (Tue)","WOL 1<br/>@LEI 2 F","13","1.3","2%","-0.1%"
"*067z4*","David Datro Fofana","CHE","F","431","W (Tue)","","12.5","6.25","2%","-0.2%"
"*04rex*","Marek Rodak","FUL","G","432","W (Tue)","LEE 1<br/>@FUL 2 F","12.5","6.25","1%","0%"
"*05w7t*","Pape Sarr","TOT","M","435","FA","@NEW Sun 9:00AM","11.5","1.44","1%","0%"
"*067yu*","Facundo Buonanotte","BHA","M","433","W (Tue)","","11.5","2.88","0%","0%"
"*02lpu*","Adam Forshaw","LEE","M","434","W (Tue)","LEE 1<br/>@FUL 2 F","11.5","1.64","0%","0%"
"*05w90*","Maxwel Cornet","WHU","M","437","FA","@BOU Sun 9:00AM","11","1.22","2%","-0.1%"
"*03tip*","Salomon Rondon","EVE","F","438","W (Tue)","EVE 0<br/>@CRY 0 F","11","1.57","0%","0%"
"*064a2*","Juan Larios","SOU","D","439","W (Tue)","SOU 3<br/>@ARS 3 F","10.75","2.15","0%","0%"
"*04mqz*","Lucas Moura","TOT","M","441","FA","@NEW Sun 9:00AM","10","0.83","6%","0%"
"*04mr4*","Martin Dubravka","NEW","G","440","FA","TOT Sun 9:00AM","10","10","3%","0%"
"*05o2l*","Donny van de Beek","MUN","M","442","W (Tue)","","9.5","1.36","9%","-0.1%"
"*068y0*","Antoine Semenyo","BOU","F","443","FA","WHU Sun 9:00AM","9","1","0%","0%"
"*061vo*","Jay Stansfield","FUL","F","444","W (Tue)","LEE 1<br/>@FUL 2 F","9","3","0%","0%"
"*03pih*","Kevin Mbabu","FUL","D","445","W (Tue)","LEE 1<br/>@FUL 2 F","8.5","1.42","2%","0%"
"*05oef*","Alphonse Areola","WHU","G","446","FA","@BOU Sun 9:00AM","8.25","1.65","2%","-0.1%"
"*03r9c*","Cedric Soares","FUL","D","447","W (Tue)","LEE 1<br/>@FUL 2 F","8","1.33","1%","-0.1%"
"*068yt*","Sasa Lukic","FUL","M","448","W (Tue)","LEE 1<br/>@FUL 2 F","8","1.14","0%","0%"
"*05n03*","Kalvin Phillips","MCI","M","450","W (Tue)","","7","1","10%","0%"
"*03r8t*","Matt Ritchie","NEW","D","451","FA","TOT Sun 9:00AM","7","1.17","0%","0%"
"*061vf*","Ben Pearson","BOU","M","449","FA","WHU Sun 9:00AM","7","1","0%","0%"
"*02m1g*","Wayne Hennessey","NOT","G","453","W (Tue)","NOT 2<br/>@LIV 3 F","6.5","3.25","1%","0%"
"*03rlg*","Andre Ayew","NOT","F","452","W (Tue)","NOT 2<br/>@LIV 3 F","6.5","0.65","0%","0%"
"*068se*","Jhon Duran","AVL","F","454","W (Tue)","AVL 1<br/>@BRF 1 F","6","0.75","1%","-0.1%"
"*067yx*","Gustavo Scarpa","NOT","M","456","W (Tue)","NOT 2<br/>@LIV 3 F","5.5","0.92","1%","0%"
"*05u44*","Halil Dervisoglu","BRF","F","455","W (Tue)","AVL 1<br/>@BRF 1 F","5.5","5.5","0%","0%"
"*04rxe*","Nathaniel Phillips","LIV","D","457","W (Tue)","NOT 2<br/>@LIV 3 F","5.25","2.62","4%","0%"
"*02rn6*","James Tomkins","CRY","D","458","W (Tue)","EVE 0<br/>@CRY 0 F","5.25","0.88","0%","0%"
"*02rn4*","Junior Stanislas","BOU","M","459","FA","WHU Sun 9:00AM","4.5","1.12","0%","0%"
"*066ni*","Thomas Cannon","EVE","F","460","W (Tue)","EVE 0<br/>@CRY 0 F","4","2","0%","0%"
"*05oh0*","Jan-Paul van Hecke","BHA","D","461","W (Tue)","","3.75","0.94","0%","0%"
"*062ck*","Malcolm Ebiowei","CRY","F","464","W (Tue)","EVE 0<br/>@CRY 0 F","3","1","0%","0%"
"*068ys*","Naouirou Ahamada","CRY","M","462","W (Tue)","EVE 0<br/>@CRY 0 F","3","0.43","0%","0%"
"*068yc*","Yasin Ayari","BHA","M","463","W (Tue)","","3","3","0%","0%"
"*05rkb*","Isaac Price","EVE","M","465","W (Tue)","EVE 0<br/>@CRY 0 F","3","3","0%","0%"
"*05292*","Jack Stacey","BOU","D","466","FA","WHU Sun 9:00AM","3","0.33","0%","0%"
"*04qr3*","Ruben Vinagre","EVE","D","467","W (Tue)","EVE 0<br/>@CRY 0 F","2.75","1.38","0%","0%"
"*04tsd*","Japhet Tanganga","TOT","D","469","FA","@NEW Sun 9:00AM","2.75","0.92","0%","0%"
"*062pa*","Joseph Whitworth","CRY","G","470","W (Tue)","EVE 0<br/>@CRY 0 F","2.25","1.12","0%","0%"
"*062dp*","Giulian Biancone","NOT","D","471","W (Tue)","NOT 2<br/>@LIV 3 F","2","1","0%","0%"
"*066nn*","Ben Doak","LIV","F","473","W (Tue)","NOT 2<br/>@LIV 3 F","2","1","0%","0%"
"*05a6j*","Chem Campbell","WOL","F","472","W (Tue)","WOL 1<br/>@LEI 2 F","2","0.4","0%","0%"
"*062du*","Darko Gyabi","LEE","M","474","W (Tue)","LEE 1<br/>@FUL 2 F","2","2","0%","0%"
"*03sd5*","Manuel Lanzini","WHU","M","477","FA","@BOU Sun 9:00AM","1.5","0.21","4%","-0.1%"
"*06492*","Sasa Kalajdzic","WOL","F","476","W (Tue)","WOL 1<br/>@LEI 2 F","1.5","1.5","1%","-0.1%"
"*04gyz*","Jairo Riedewald","CRY","M","478","W (Tue)","EVE 0<br/>@CRY 0 F","1.5","0.38","0%","0%"
"*054p3*","Harvey White","TOT","M","479","FA","@NEW Sun 9:00AM","1.5","1.5","0%","0%"
"*062z5*","Joseph Hodge","WOL","M","475","W (Tue)","WOL 1<br/>@LEI 2 F","1.5","0.3","0%","0%"
"*05tr4*","Mads Bech Sorensen","BRF","D","480","W (Tue)","AVL 1<br/>@BRF 1 F","1.25","0.31","0%","0%"
"*0680g*","Mislav Orsic","SOU","F","483","W (Tue)","SOU 3<br/>@ARS 3 F","1","1","2%","-0.1%"
"*03yrr*","Mohamed Elneny","ARS","M","481","W (Tue)","SOU 3<br/>@ARS 3 F","1","0.2","0%","-0.2%"
"*0666p*","Kobbie Mainoo","MUN","M","482","W (Tue)","","1","1","0%","0%"
"*05r98*","Morgan Sanson","AVL","M","484","W (Tue)","AVL 1<br/>@BRF 1 F","1","0.5","0%","0%"
"*05roa*","Cody Drameh","LEE","D","485","W (Tue)","LEE 1<br/>@FUL 2 F","0.75","0.75","0%","0%"
"*061v9*","Diego Carlos","AVL","D","489","W (Tue)","AVL 1<br/>@BRF 1 F","0.5","0.25","11%","-0.1%"
"*02lla*","James McArthur","CRY","M","488","W (Tue)","EVE 0<br/>@CRY 0 F","0.5","0.25","1%","0%"
"*05ubv*","Omari Hutchinson","CHE","M","487","W (Tue)","","0.5","0.5","0%","0%"
"*066j4*","Mateo Joseph Fernandez","LEE","F","486","W (Tue)","LEE 1<br/>@FUL 2 F","0.5","0.17","0%","0%"
"*05n02*","Stuart Dallas","LEE","M","561","W (Tue)","LEE 1<br/>@FUL 2 F","0","0","3%","-0.2%"
"*05ygj*","Chiquinho","WOL","F","790","W (Tue)","WOL 1<br/>@LEI 2 F","0","0","2%","0%"
"*05s08*","Valentino Livramento","SOU","D","657","W (Tue)","SOU 3<br/>@ARS 3 F","0","0","2%","0%"
"*02lp7*","Andros Townsend","EVE","M","791","W (Tue)","EVE 0<br/>@CRY 0 F","0","0","2%","-0.1%"
"*0649m*","Arthur","LIV","M","737","W (Tue)","NOT 2<br/>@LIV 3 F","0","0","2%","0%"
"*062ds*","Matt Turner","ARS","G","796","W (Tue)","SOU 3<br/>@ARS 3 F","0","0","1%","0%"
"*045ob*","Caoimhin Kelleher","LIV","G","641","W (Tue)","NOT 2<br/>@LIV 3 F","0","0","1%","0%"
"*03274*","Adrian","LIV","G","758","W (Tue)","NOT 2<br/>@LIV 3 F","0","0","1%","0%"
"*0579j*","Scott Carson","MCI","G","535","W (Tue)","","0","0","1%","0%"
"*02t20*","Alex McCarthy","SOU","G","671","W (Tue)","SOU 3<br/>@ARS 3 F","0","0","1%","0%"
"*03dwz*","Tom Heaton","MUN","G","621","W (Tue)","","0","0","1%","0%"
"*062p4*","Thomas Strakosha","BRF","G","785","W (Tue)","AVL 1<br/>@BRF 1 F","0","0","1%","0%"
"*05umx*","Kristoffer Klaesson","LEE","G","643","W (Tue)","LEE 1<br/>@FUL 2 F","0","0","1%","0%"
"*062cw*","Stefan Ortega Moreno","MCI","G","712","W (Tue)","","0","0","1%","0%"
"*032aa*","Jack Butland","MUN","G","530","W (Tue)","","0","0","1%","0%"
"*051jy*","Matija Sarkic","WOL","G","759","W (Tue)","WOL 1<br/>@LEI 2 F","0","0","1%","0%"
"*061z5*","Calvin Ramsay","LIV","D","738","W (Tue)","NOT 2<br/>@LIV 3 F","0","0","1%","-0.2%"
"*05xtq*","Matthew Cox","BRF","G","553","W (Tue)","AVL 1<br/>@BRF 1 F","0","0","0%","0%"
"*05r37*","Jakub Moder","BHA","M","681","W (Tue)","","0","0","0%","0%"
"*05udh*","Luka Racic","BRF","D","734","W (Tue)","AVL 1<br/>@BRF 1 F","0","0","0%","0%"
"*04gyd*","Brandon Austin","TOT","G","505","FA","@NEW Sun 9:00AM","0","0","0%","0%"
"*02ls8*","Marcus Bettinelli","CHE","G","517","W (Tue)","","0","0","0%","0%"
"*03pif*","Karl Darlow","NEW","G","562","FA","TOT Sun 9:00AM","0","0","0%","0%"
"*05oig*","Liam Delap","MCI","F","566","W (Tue)","","0","0","0%","0%"
"*05o6w*","Allan","EVE","M","664","W (Tue)","EVE 0<br/>@CRY 0 F","0","0","0%","0%"
"*05oif*","Runar Alex Runarsson","ARS","G","753","W (Tue)","SOU 3<br/>@ARS 3 F","0","0","0%","0%"
"*04s60*","Jannik Vestergaard","LEI","D","801","W (Tue)","WOL 1<br/>@LEI 2 F","0","0","0%","0%"
"*05wwd*","Joshua Wilson-Esbrand","MCI","D","816","W (Tue)","","0","0","0%","0%"
"*056as*","William Dennis","BOU","G","567","FA","WHU Sun 9:00AM","0","0","0%","0%"
"*05trc*","Tariqe Fosu-Henry","BRF","M","588","W (Tue)","AVL 1<br/>@BRF 1 F","0","0","0%","0%"
"*05y59*","Zidane Iqbal","MUN","M","632","W (Tue)","","0","0","0%","0%"
"*06377*","Mateusz Musialowski","LIV","F","695","W (Tue)","NOT 2<br/>@LIV 3 F","0","0","0%","-0.1%"
"*05ou8*","Facundo Pellistri","MUN","M","721","W (Tue)","","0","0","0%","0%"
"*02m3y*","Jed Steer","AVL","G","782","W (Tue)","AVL 1<br/>@BRF 1 F","0","0","0%","0%"
"*0641g*","Cesare Casadei","CHE","M","536","W (Tue)","","0","0","0%","0%"
"*04xjt*","Conor Coventry","WHU","M","552","FA","@BOU Sun 9:00AM","0","0","0%","0%"
"*02t1m*","Paulo Gazzaniga","FUL","G","596","W (Tue)","LEE 1<br/>@FUL 2 F","0","0","0%","0%"
"*05x12*","Leo Fuhr Hjelde","LEE","D","628","W (Tue)","LEE 1<br/>@FUL 2 F","0","0","0%","0%"
"*062op*","Omar Richards","NOT","D","745","W (Tue)","NOT 2<br/>@LIV 3 F","0","0","0%","0%"
"*05y7c*","Archie Gray","LEE","M","611","W (Tue)","LEE 1<br/>@FUL 2 F","0","0","0%","0%"
"*061vi*","Jamal Lowe","BOU","F","662","FA","WHU Sun 9:00AM","0","0","0%","0%"
"*05r33*","Luke Mbete","MCI","D","667","W (Tue)","","0","0","0%","0%"
"*05ts6*","Yerson Mosquera","WOL","D","686","W (Tue)","WOL 1<br/>@LEI 2 F","0","0","0%","0%"
"*05agd*","Christian Saydee","BOU","F","761","FA","WHU Sun 9:00AM","0","0","0%","0%"
"*05rdx*","Shola Shoretire","MUN","F","767","W (Tue)","","0","0","0%","0%"
"*063c2*","Gabriel Slonina","CHE","G","771","W (Tue)","","0","0","0%","0%"
"*059j3*","Brandon Williams","MUN","D","813","W (Tue)","","0","0","0%","0%"
"*02m79*","Ryan Bertrand","LEI","D","516","W (Tue)","WOL 1<br/>@LEI 2 F","0","0","0%","0%"
"*062p6*","Billy Crellin","EVE","G","556","W (Tue)","EVE 0<br/>@CRY 0 F","0","0","0%","0%"
"*052k1*","Luke Cundle","WOL","M","557","W (Tue)","WOL 1<br/>@LEI 2 F","0","0","0%","0%"
"*065ao*","Ethan Nwaneri","ARS","M","700","W (Tue)","SOU 3<br/>@ARS 3 F","0","0","0%","0%"
"*062z4*","Jackson Smith","WOL","G","773","W (Tue)","WOL 1<br/>@LEI 2 F","0","0","0%","0%"
"*05nue*","Harvey Vale","CHE","M","799","W (Tue)","","0","0","0%","0%"
"*05u43*","Cesar Joel Valencia Castillo","BRF","F","800","W (Tue)","AVL 1<br/>@BRF 1 F","0","0","0%","0%"
"*06379*","Charlie Wellens","MUN","M","809","W (Tue)","","0","0","0%","0%"
"*05gd1*","Nathan Bishop","MUN","G","518","W (Tue)","","0","0","0%","0%"
"*04mdj*","Nathan Broadhead","EVE","F","525","W (Tue)","EVE 0<br/>@CRY 0 F","0","0","0%","+0.1%"
"*05uhq*","Shea Charles","MCI","D","541","W (Tue)","","0","0","0%","0%"
"*04lax*","Hamza Choudhury","LEI","M","545","W (Tue)","WOL 1<br/>@LEI 2 F","0","0","0%","0%"
"*05rfp*","Harvey Davies","LIV","G","563","W (Tue)","NOT 2<br/>@LIV 3 F","0","0","0%","0%"
"*06378*","Isak Hansen-Aaroen","MUN","M","617","W (Tue)","","0","0","0%","0%"
"*02lnd*","Phil Jones","MUN","D","637","W (Tue)","","0","0","0%","0%"
"*05746*","Emil Krafth","NEW","D","649","FA","TOT Sun 9:00AM","0","0","0%","0%"
"*061z6*","Mateusz Lis","SOU","G","656","W (Tue)","SOU 3<br/>@ARS 3 F","0","0","0%","0%"
"*05rbn*","Thomas McGill","BHA","G","674","W (Tue)","","0","0","0%","0%"
"*0637a*","Charlie McNeill","MUN","F","675","W (Tue)","","0","0","0%","0%"
"*068a0*","Andrey Santos","CHE","M","697","W (Tue)","","0","0","0%","0%"
"*05y2h*","Sonny Perkins","LEE","M","722","W (Tue)","LEE 1<br/>@FUL 2 F","0","0","0%","0%"
"*062dl*","Killian Phillips","CRY","M","725","W (Tue)","EVE 0<br/>@CRY 0 F","0","0","0%","0%"
"*05ylz*","Luke Plange","CRY","F","728","W (Tue)","EVE 0<br/>@CRY 0 F","0","0","0%","0%"
"*03rll*","Darren Randolph","BOU","G","739","FA","WHU Sun 9:00AM","0","0","0%","0%"
"*061y4*","Cafu","NOT","M","743","W (Tue)","NOT 2<br/>@LIV 3 F","0","0","0%","0%"
"*02oo5*","Jordan Smith","NOT","G","774","W (Tue)","NOT 2<br/>@LIV 3 F","0","0","0%","0%"
"*063y7*","Destiny Udogie","TOT","D","798","FA","@NEW Sun 9:00AM","0","0","0%","0%"
"*062i1*","Reuell Walters","ARS","D","804","W (Tue)","SOU 3<br/>@ARS 3 F","0","0","0%","0%"
"*05220*","Sepp van den Berg","LIV","D","830","W (Tue)","NOT 2<br/>@LIV 3 F","0","0","0%","0%"
"*05r4v*","Jamal Baptiste","WHU","D","510","FA","@BOU Sun 9:00AM","0","0","0%","0%"
"*05ye7*","Oscar Bobb","MCI","M","520","W (Tue)","","0","0","0%","0%"
"*05ogn*","Mateusz Bogusz","LEE","M","522","W (Tue)","LEE 1<br/>@FUL 2 F","0","0","0%","0%"
"*05ye5*","Sammy Braybrooke","LEI","M","524","W (Tue)","WOL 1<br/>@LEI 2 F","0","0","0%","0%"
"*04u6o*","Joe Bryan","FUL","D","528","W (Tue)","LEE 1<br/>@FUL 2 F","0","0","0%","0%"
"*03et4*","Willy Caballero","SOU","G","532","W (Tue)","SOU 3<br/>@ARS 3 F","0","0","0%","0%"
"*05gdm*","Jake Cain","LIV","M","533","W (Tue)","NOT 2<br/>@LIV 3 F","0","0","0%","0%"
"*062p1*","Luke Chambers","LIV","D","540","W (Tue)","NOT 2<br/>@LIV 3 F","0","0","0%","0%"
"*05nio*","Alfie Devine","TOT","M","568","FA","@NEW Sun 9:00AM","0","0","0%","0%"
"*06663*","Khayon Edwards","ARS","F","576","W (Tue)","SOU 3<br/>@ARS 3 F","0","0","0%","0%"
"*05h02*","Malachi Fagan-Walcott","TOT","D","580","FA","@NEW Sun 9:00AM","0","0","0%","0%"
"*04mf8*","Nathan Ferguson","CRY","D","582","W (Tue)","EVE 0<br/>@CRY 0 F","0","0","0%","0%"
"*05yf1*","Melkamu Frauendorf","LIV","M","592","W (Tue)","NOT 2<br/>@LIV 3 F","0","0","0%","-0.1%"
"*04f6d*","Joe Lolley","NOT","F","659","W (Tue)","NOT 2<br/>@LIV 3 F","0","0","0%","0%"
"*054oz*","Andy Lonergan","EVE","G","660","W (Tue)","EVE 0<br/>@CRY 0 F","0","0","0%","0%"
"*061xx*","Loic Mbe Soh","NOT","D","666","W (Tue)","NOT 2<br/>@LIV 3 F","0","0","0%","0%"
"*061vn*","Rodrigo Muniz","FUL","F","693","W (Tue)","LEE 1<br/>@FUL 2 F","0","0","0%","0%"
"*055se*","Marvelous Nakamba","AVL","M","696","W (Tue)","AVL 1<br/>@BRF 1 F","0","0","0%","0%"
"*068sf*","Maximo Perrone","MCI","M","723","W (Tue)","","0","0","0%","0%"
"*05rjn*","Jesurun Rak-Sakyi","CRY","M","736","W (Tue)","EVE 0<br/>@CRY 0 F","0","0","0%","0%"
"*066se*","Charles Sagoe Junior","ARS","F","755","W (Tue)","SOU 3<br/>@ARS 3 F","0","0","0%","0%"
"*05y58*","Charlie Savage","MUN","M","760","W (Tue)","","0","0","0%","0%"
"*061yb*","Dale Taylor","NOT","F","788","W (Tue)","NOT 2<br/>@LIV 3 F","0","0","0%","0%"
"*062cr*","Lyle Taylor","NOT","F","789","W (Tue)","NOT 2<br/>@LIV 3 F","0","0","0%","0%"
"*062on*","Joe Wormleighton","LEI","M","818","W (Tue)","WOL 1<br/>@LEI 2 F","0","0","0%","0%"
"*062cq*","Nuno da Costa","NOT","F","826","W (Tue)","NOT 2<br/>@LIV 3 F","0","0","0%","0%"
"*05ye6*","Will Alves","LEI","F","497","W (Tue)","WOL 1<br/>@LEI 2 F","0","0","0%","0%"
"*058vf*","Steven Alzate","BHA","M","498","W (Tue)","","0","0","0%","0%"
"*062ou*","Harry Christy","LEE","G","546","W (Tue)","LEE 1<br/>@FUL 2 F","0","0","0%","0%"
"*051wk*","Matthew Clarke","BHA","D","549","W (Tue)","","0","0","0%","0%"
"*064oo*","Amario Cozier-Duberry","ARS","M","554","W (Tue)","SOU 3<br/>@ARS 3 F","0","0","0%","0%"
"*03yuo*","Keinan Davis","AVL","F","564","W (Tue)","AVL 1<br/>@BRF 1 F","0","0","0%","0%"
"*032f5*","Paul Dummett","NEW","D","574","FA","TOT Sun 9:00AM","0","0","0%","0%"
"*05yf8*","Pierre Ekwah","WHU","D","577","FA","@BOU Sun 9:00AM","0","0","0%","0%"
"*05yc5*","Josh Feeney","AVL","M","581","W (Tue)","AVL 1<br/>@BRF 1 F","0","0","0%","0%"
"*062pb*","Owen Goodman","CRY","G","606","W (Tue)","EVE 0<br/>@CRY 0 F","0","0","0%","0%"
"*05ue2*","Joe Hugill","MUN","F","629","W (Tue)","","0","0","0%","-0.1%"
"*05t6z*","Tim Iroegbunam","AVL","M","633","W (Tue)","AVL 1<br/>@BRF 1 F","0","0","0%","0%"
"*03dyo*","Anthony Knockaert","FUL","M","645","W (Tue)","LEE 1<br/>@FUL 2 F","0","0","0%","0%"
"*04qrh*","Leo Bonatini","WOL","F","658","W (Tue)","WOL 1<br/>@LEI 2 F","0","0","0%","0%"
"*05y6a*","Filip Marschall","AVL","G","665","W (Tue)","AVL 1<br/>@BRF 1 F","0","0","0%","0%"
"*062p8*","Stanley Mills","EVE","M","680","W (Tue)","EVE 0<br/>@CRY 0 F","0","0","0%","0%"
"*066sk*","Dion Rankine","CHE","M","740","W (Tue)","","0","0","0%","0%"
"*062os*","Charlie Sayers","TOT","D","762","FA","@NEW Sun 9:00AM","0","0","0%","0%"
"*05uds*","Kjell Scherpen","BHA","G","764","W (Tue)","","0","0","0%","0%"
"*04qrf*","Helder Costa","LEE","M","779","W (Tue)","LEE 1<br/>@FUL 2 F","0","0","0%","-0.1%"
"*062i0*","Lino Sousa","ARS","D","780","W (Tue)","SOU 3<br/>@ARS 3 F","0","0","0%","0%"
"*04u6l*","Andre Gomes","EVE","M","787","W (Tue)","EVE 0<br/>@CRY 0 F","0","0","0%","0%"
"*03xrs*","Axel Tuanzebe","MUN","D","795","W (Tue)","","0","0","0%","0%"
"*05rka*","Reece Welch","EVE","D","808","W (Tue)","EVE 0<br/>@CRY 0 F","0","0","0%","0%"
"*06442*","Zach Abbott","NOT","D","491","W (Tue)","NOT 2<br/>@LIV 3 F","0","0","0%","0%"
"*06420*","Terry Ablade","FUL","F","492","W (Tue)","LEE 1<br/>@FUL 2 F","0","0","0%","0%"
"*05ymb*","Tayo Adaramola","CRY","D","493","W (Tue)","EVE 0<br/>@CRY 0 F","0","0","0%","0%"
"*067x6*","Max Alleyne","MCI","D","496","W (Tue)","","0","0","0%","0%"
"*04qez*","Florin Andone","BHA","F","501","W (Tue)","","0","0","0%","0%"
"*03r8p*","Harry Arter","NOT","M","503","W (Tue)","NOT 2<br/>@LIV 3 F","0","0","0%","0%"
"*05ogh*","Harrison Ashby","NEW","D","504","FA","TOT Sun 9:00AM","0","0","0%","0%"
"*06448*","Dominic Ballard","SOU","F","507","W (Tue)","SOU 3<br/>@ARS 3 F","0","0","0%","0%"
"*05r4h*","Lamare Bogarde","AVL","M","521","W (Tue)","AVL 1<br/>@BRF 1 F","0","0","0%","0%"
"*067xc*","Carlos Borges","MCI","F","523","W (Tue)","","0","0","0%","0%"
"*066sg*","Josh Brooking","CHE","D","526","W (Tue)","","0","0","0%","0%"
"*066sm*","Mason Burstow","CHE","F","529","W (Tue)","","0","0","0%","0%"
"*056ix*","Bruno Jordao","WOL","M","538","W (Tue)","WOL 1<br/>@LEI 2 F","0","0","0%","0%"
"*05udv*","Kallum Cesay","TOT","D","539","FA","@NEW Sun 9:00AM","0","0","0%","0%"
"*05xsd*","Daniel Chesters","WHU","M","542","FA","@BOU Sun 9:00AM","0","0","0%","0%"
"*064on*","Catalin Cirjan","ARS","M","547","W (Tue)","SOU 3<br/>@ARS 3 F","0","0","0%","0%"
"*062p2*","Bobby Clark","LIV","M","548","W (Tue)","NOT 2<br/>@LIV 3 F","0","0","0%","0%"
"*064oq*","Regan Clayton","WHU","D","550","FA","@BOU Sun 9:00AM","0","0","0%","0%"
"*055om*","Patrick Cutrone","WOL","F","558","W (Tue)","WOL 1<br/>@LEI 2 F","0","0","0%","0%"
"*066t3*","Jamie Donley","TOT","F","570","FA","@NEW Sun 9:00AM","0","0","0%","0%"
"*066sj*","Benjamin Elliott","CHE","M","578","W (Tue)","","0","0","0%","0%"
"*064op*","Tyler Fredricson","MUN","D","593","W (Tue)","","0","0","0%","0%"
"*056iu*","Jean-Philippe Gbamin","EVE","M","597","W (Tue)","EVE 0<br/>@CRY 0 F","0","0","0%","0%"
"*06444*","Alexander Gibson-Hammond","NOT","D","599","W (Tue)","NOT 2<br/>@LIV 3 F","0","0","0%","0%"
"*066si*","Alfie Gilchrist","CHE","D","601","W (Tue)","","0","0","0%","-0.1%"
"*05n09*","Mark Gillespie","NEW","G","602","FA","TOT Sun 9:00AM","0","0","0%","0%"
"*05tr0*","Charlie Goode","BRF","D","605","W (Tue)","AVL 1<br/>@BRF 1 F","0","0","0%","0%"
"*05uhl*","Kaide Gordon","LIV","F","608","W (Tue)","NOT 2<br/>@LIV 3 F","0","0","0%","-0.2%"
"*066rn*","Daniel Gore","MUN","M","609","W (Tue)","","0","0","0%","0%"
"*04qr4*","Kortney Hause","AVL","D","619","W (Tue)","AVL 1<br/>@BRF 1 F","0","0","0%","0%"
"*0435r*","Loris Karius","NEW","G","639","FA","TOT Sun 9:00AM","0","0","0%","0%"
"*052k9*","Ben Knight","MCI","M","644","W (Tue)","","0","0","0%","0%"
"*062ch*","Kacper Kozlowski","BHA","M","648","W (Tue)","","0","0","0%","0%"
"*067yw*","Garang Kuol","NEW","F","650","FA","TOT Sun 9:00AM","0","0","0%","0%"
"*061xy*","Richie Laryea","NOT","D","653","W (Tue)","NOT 2<br/>@LIV 3 F","0","0","0%","0%"
"*052ju*","Matty Longstaff","NEW","M","661","FA","TOT Sun 9:00AM","0","0","0%","0%"
"*05y55*","Kasey McAteer","LEI","M","668","W (Tue)","WOL 1<br/>@LEI 2 F","0","0","0%","0%"
"*05afe*","Teden Mengi","MUN","D","676","W (Tue)","","0","0","0%","0%"
"*061y9*","Alex Mighten","NOT","F","677","W (Tue)","NOT 2<br/>@LIV 3 F","0","0","0%","0%"
"*066sl*","Malik Mothersille","CHE","F","687","W (Tue)","","0","0","0%","0%"
"*062oz*","Fabian Mrozek","LIV","G","689","W (Tue)","NOT 2<br/>@LIV 3 F","0","0","0%","-0.1%"
"*061y5*","Braian Ojeda","NOT","M","705","W (Tue)","NOT 2<br/>@LIV 3 F","0","0","0%","0%"
"*05y6s*","Armstrong Oko-Flex","WHU","F","706","FA","@BOU Sun 9:00AM","0","0","0%","0%"
"*061vm*","Adrion Pajaziti","FUL","M","716","W (Tue)","LEE 1<br/>@FUL 2 F","0","0","0%","0%"
"*05udt*","Maksim Paskotsi","TOT","D","718","FA","@NEW Sun 9:00AM","0","0","0%","0%"
"*04ym3*","Ian Poveda-Ocampo","LEE","F","731","W (Tue)","LEE 1<br/>@FUL 2 F","0","0","0%","-0.1%"
"*05y7i*","Jarell Quansah","LIV","D","732","W (Tue)","NOT 2<br/>@LIV 3 F","0","0","0%","0%"
"*02yd6*","Joel Robles","LEE","G","748","W (Tue)","LEE 1<br/>@FUL 2 F","0","0","0%","0%"
"*05uht*","Morgan Rogers","MCI","F","751","W (Tue)","","0","0","0%","0%"
"*05y5c*","Kamarai Simon-Swyer","WHU","F","769","FA","@BOU Sun 9:00AM","0","0","0%","0%"
"*05trg*","Finley Stevens","BRF","D","783","W (Tue)","AVL 1<br/>@BRF 1 F","0","0","0%","0%"
"*05am0*","Layton Stewart","LIV","F","784","W (Tue)","NOT 2<br/>@LIV 3 F","0","0","0%","-0.1%"
"*062p7*","Lewis Warrington","EVE","M","805","W (Tue)","EVE 0<br/>@CRY 0 F","0","0","0%","0%"
"*05ye4*","Jack Wells-Morrison","CRY","M","810","W (Tue)","EVE 0<br/>@CRY 0 F","0","0","0%","0%"
"*05y4x*","Max Woltman","LIV","F","817","W (Tue)","NOT 2<br/>@LIV 3 F","0","0","0%","-0.1%"
"*066t1*","Yago Alonso","TOT","F","828","FA","@NEW Sun 9:00AM","0","0","0%","-0.1%"
"*067y2*","Daniel Adu-Addei","BOU","M","494","FA","WHU Sun 9:00AM","0","0","0%","0%"
"*066nl*","Charlie Allen","LEE","M","495","W (Tue)","LEE 1<br/>@FUL 2 F","0","0","0%","0%"
"*05amw*","Joseph Anang","WHU","G","499","FA","@BOU Sun 9:00AM","0","0","0%","0%"
"*05uh0*","Joseph Anderson","EVE","D","500","W (Tue)","EVE 0<br/>@CRY 0 F","0","0","0%","-0.1%"
"*05y5a*","Keenan Appiah-Forson","WHU","M","502","FA","@BOU Sun 9:00AM","0","0","0%","0%"
"*0649q*","Loic Bade","NOT","D","506","W (Tue)","NOT 2<br/>@LIV 3 F","0","0","0%","0%"
"*0666i*","Kofi Balmer","CRY","M","508","W (Tue)","EVE 0<br/>@CRY 0 F","0","0","0%","0%"
"*066sf*","Eddie Beach","CHE","G","511","W (Tue)","","0","0","0%","0%"
"*066rl*","Rhys Bennett","MUN","D","512","W (Tue)","","0","0","0%","0%"
"*05afd*","Di'Shon Bernard","MUN","D","515","W (Tue)","","0","0","0%","0%"
"*062dk*","David Boateng","CRY","D","519","W (Tue)","EVE 0<br/>@CRY 0 F","0","0","0%","0%"
"*05y63*","Lewis Brunt","LEI","M","527","W (Tue)","WOL 1<br/>@LEI 2 F","0","0","0%","0%"
"*066sc*","Nathan Butler-Oyedeji","ARS","M","531","W (Tue)","SOU 3<br/>@ARS 3 F","0","0","0%","0%"
"*05gbo*","Leonardo Campana","WOL","F","534","W (Tue)","WOL 1<br/>@LEI 2 F","0","0","0%","0%"
"*066iy*","Kaelan Casey","WHU","D","537","FA","@BOU Sun 9:00AM","0","0","0%","0%"
"*04spx*","Tahith Chong","MUN","M","544","W (Tue)","","0","0","0%","0%"
"*066sn*","Dominic Corness","LIV","M","551","W (Tue)","NOT 2<br/>@LIV 3 F","0","0","0%","-0.1%"
"*0669c*","Tristan Crama","BRF","D","555","W (Tue)","AVL 1<br/>@BRF 1 F","0","0","0%","0%"
"*0643x*","Luciano D'Auria-Henry","FUL","D","559","W (Tue)","LEE 1<br/>@FUL 2 F","0","0","0%","0%"
"*066nj*","James Debayo","LEE","D","565","W (Tue)","LEE 1<br/>@FUL 2 F","0","0","0%","0%"
"*067xb*","William Dickson","MCI","F","569","W (Tue)","","0","0","0%","-0.1%"
"*06443*","Aaron Donnelly","NOT","D","571","W (Tue)","NOT 2<br/>@LIV 3 F","0","0","0%","0%"
"*066sz*","Alfie Dorrington","TOT","D","572","FA","@NEW Sun 9:00AM","0","0","0%","0%"
"*06447*","Diamond Edwards","SOU","M","575","W (Tue)","SOU 3<br/>@ARS 3 F","0","0","0%","0%"
"*066rp*","Noam Emeran","MUN","F","579","W (Tue)","","0","0","0%","0%"
"*06445*","Billy Fewster","NOT","M","583","W (Tue)","NOT 2<br/>@LIV 3 F","0","0","0%","0%"
"*066sa*","Taylor Foran","ARS","D","585","W (Tue)","SOU 3<br/>@ARS 3 F","0","0","0%","0%"
"*04shz*","Tyrese Francois","FUL","M","590","W (Tue)","LEE 1<br/>@FUL 2 F","0","0","0%","0%"
"*067x7*","Tomas Galvez","MCI","D","595","W (Tue)","","0","0","0%","0%"
"*05m9s*","John-Kymani Gordon","CRY","F","607","W (Tue)","EVE 0<br/>@CRY 0 F","0","0","0%","0%"
"*062z6*","Harvey Griffiths","WOL","M","614","W (Tue)","WOL 1<br/>@LEI 2 F","0","0","0%","0%"
"*05229*","Frederic Guilbert","AVL","D","615","W (Tue)","AVL 1<br/>@BRF 1 F","0","0","0%","0%"
"*061y7*","Oliver Hammond","NOT","M","616","W (Tue)","NOT 2<br/>@LIV 3 F","0","0","0%","0%"
"*05y57*","Bjorn Hardley","MUN","D","618","W (Tue)","","0","0","0%","0%"
"*05oz4*","Karl Hein","ARS","G","623","W (Tue)","SOU 3<br/>@ARS 3 F","0","0","0%","0%"
"*066sh*","Bashir Humphreys","CHE","D","630","W (Tue)","","0","0","0%","0%"
"*06662*","Bradley Ibrahim","ARS","M","631","W (Tue)","SOU 3<br/>@ARS 3 F","0","0","0%","0%"
"*05rei*","Nile John","TOT","M","636","FA","@NEW Sun 9:00AM","0","0","0%","0%"
"*066rk*","Marc Jurado","MUN","D","638","W (Tue)","","0","0","0%","0%"
"*067x5*","Jadel Katongo","MCI","D","640","W (Tue)","","0","0","0%","0%"
"*04mks*","Terence Kongolo","FUL","D","646","W (Tue)","LEE 1<br/>@FUL 2 F","0","0","0%","0%"
"*02m5r*","Louis Laing","WHU","M","651","FA","@BOU Sun 9:00AM","0","0","0%","0%"
"*066sd*","Myles Lewis-Skelly","ARS","M","655","W (Tue)","SOU 3<br/>@ARS 3 F","0","0","0%","0%"
"*05ogm*","Alfie McCalmont","LEE","M","670","W (Tue)","LEE 1<br/>@FUL 2 F","0","0","0%","0%"
"*06ab3*","Lewis Miley","NEW","M","678","FA","TOT Sun 9:00AM","0","0","0%","0%"
"*05vyh*","Andrew Moran","BHA","M","684","W (Tue)","","0","0","0%","0%"
"*066np*","Jimmy Morgan","SOU","F","685","W (Tue)","SOU 3<br/>@ARS 3 F","0","0","0%","0%"
"*0645x*","Divin Mubama","WHU","F","690","FA","@BOU Sun 9:00AM","0","0","0%","0%"
"*066sy*","Marqes Muir","TOT","D","691","FA","@NEW Sun 9:00AM","0","0","0%","0%"
"*066rm*","Sam Murray","MUN","D","694","W (Tue)","","0","0","0%","0%"
"*067x8*","Nico O'Reilly","MCI","M","702","W (Tue)","","0","0","0%","0%"
"*05vyg*","Odeluga Offiah","BHA","D","704","W (Tue)","","0","0","0%","0%"
"*067yy*","Luizao","WHU","D","709","FA","@BOU Sun 9:00AM","0","0","0%","0%"
"*05r93*","Tyler Onyango","EVE","M","710","W (Tue)","EVE 0<br/>@CRY 0 F","0","0","0%","0%"
"*06446*","Lewis Payne","SOU","M","720","W (Tue)","SOU 3<br/>@ARS 3 F","0","0","0%","0%"
"*06ab4*","Diogo Monteiro","LEE","D","726","W (Tue)","LEE 1<br/>@FUL 2 F","0","0","0%","0%"
"*066pc*","Sebastian Quirk","EVE","M","733","W (Tue)","EVE 0<br/>@CRY 0 F","0","0","0%","0%"
"*05r44*","Arjan Raikhy","AVL","M","735","W (Tue)","AVL 1<br/>@BRF 1 F","0","0","0%","0%"
"*051jz*","Dominic Revan","AVL","D","741","W (Tue)","AVL 1<br/>@BRF 1 F","0","0","0%","0%"
"*067xa*","Alex Robertson","MCI","M","746","W (Tue)","","0","0","0%","0%"
"*066t0*","Max Robson","TOT","M","749","FA","@NEW Sun 9:00AM","0","0","0%","0%"
"*062oi*","Kaden Rodney","CRY","M","750","W (Tue)","EVE 0<br/>@CRY 0 F","0","0","0%","0%"
"*066nh*","Ishe Samuels-Smith","EVE","D","757","W (Tue)","EVE 0<br/>@CRY 0 F","0","0","0%","0%"
"*06635*","Oliver Scarles","WHU","D","763","FA","@BOU Sun 9:00AM","0","0","0%","0%"
"*05n3t*","Dynel Simeu","SOU","D","768","W (Tue)","SOU 3<br/>@ARS 3 F","0","0","0%","0%"
"*067x4*","Isaac Smith","MCI","D","772","W (Tue)","","0","0","0%","0%"
"*05l8p*","Matthew Smith","ARS","D","775","W (Tue)","SOU 3<br/>@ARS 3 F","0","0","0%","0%"
"*04rcz*","Alex Smithies","LEI","G","776","W (Tue)","WOL 1<br/>@LEI 2 F","0","0","0%","0%"
"*066nm*","Joe Snowdon","LEE","M","777","W (Tue)","LEE 1<br/>@FUL 2 F","0","0","0%","0%"
"*05vye*","Antef Tsoungui","BHA","D","794","W (Tue)","","0","0","0%","0%"
"*0656s*","Radek Vitek","MUN","G","802","W (Tue)","","0","0","0%","0%"
"*05y9m*","Charlie Webster","CHE","M","807","W (Tue)","","0","0","0%","0%"
"*05oji*","Rhys Williams","LIV","D","814","W (Tue)","NOT 2<br/>@LIV 3 F","0","0","0%","0%"
"*066r9*","Ehor Yarmolyuk","BRF","M","820","W (Tue)","AVL 1<br/>@BRF 1 F","0","0","0%","0%"
"*05r45*","Brad Young","AVL","M","822","W (Tue)","AVL 1<br/>@BRF 1 F","0","0","0%","0%"
"*05y3r*","Nathan Young-Coombes","BRF","F","824","W (Tue)","AVL 1<br/>@BRF 1 F","0","0","0%","0%"
"*06awq*","George Abbott","TOT","M","490","FA","@NEW Sun 9:00AM","0","0","0%","0%"
"*06al6*","Mauro Bandeira","ARS","M","509","W (Tue)","SOU 3<br/>@ARS 3 F","0","0","0%","0%"
"*02lo6*","Daniel Bentley","WOL","M","513","W (Tue)","WOL 1<br/>@LEI 2 F","0","0","0%","0%"
"*05uhm*","Lucas Bergstrom","CHE","G","514","W (Tue)","","0","0","0%","0%"
"*06ab5*","Jeremiah Chilokoa-Mullen","LEE","D","543","W (Tue)","LEE 1<br/>@FUL 2 F","0","0","0%","0%"
"*0689t*","Michael Dacosta Gonzalez","BOU","F","560","FA","WHU Sun 9:00AM","0","0","0%","0%"
"*06ajj*","Kamari Doyle","SOU","M","573","W (Tue)","SOU 3<br/>@ARS 3 F","0","0","0%","0%"
"*05r8j*","Ryan Finnigan","SOU","M","584","W (Tue)","SOU 3<br/>@ARS 3 F","0","0","0%","0%"
"*066ix*","Michael Forbes","WHU","D","586","FA","@BOU Sun 9:00AM","0","0","0%","0%"
"*04shx*","Marlon Fossey","FUL","D","587","W (Tue)","LEE 1<br/>@FUL 2 F","0","0","0%","0%"
"*0643s*","Chris Francis","BOU","D","589","FA","WHU Sun 9:00AM","0","0","0%","0%"
"*066j7*","Nathan Fraser","WOL","F","591","W (Tue)","WOL 1<br/>@LEI 2 F","0","0","0%","0%"
"*05vyf*","James Furlong","BHA","D","594","W (Tue)","","0","0","0%","0%"
"*05gcf*","Brooklyn Genesini","BOU","D","598","FA","WHU Sun 9:00AM","0","0","0%","0%"
"*05trm*","Alex Gilbert","BRF","F","600","W (Tue)","AVL 1<br/>@BRF 1 F","0","0","0%","0%"
"*06441*","Martial Godo","FUL","F","603","W (Tue)","LEE 1<br/>@FUL 2 F","0","0","0%","0%"
"*04tc9*","Claudio Gomes","MCI","M","604","W (Tue)","","0","0","0%","0%"
"*066s9*","Hubert Graczyk","ARS","G","610","W (Tue)","SOU 3<br/>@ARS 3 F","0","0","0%","0%"
"*061vc*","Ben Greenwood","BOU","D","612","FA","WHU Sun 9:00AM","0","0","0%","0%"
"*066rj*","Sean Grehan","CRY","D","613","W (Tue)","EVE 0<br/>@CRY 0 F","0","0","0%","0%"
"*05rey*","Kaine Hayden","AVL","D","620","W (Tue)","AVL 1<br/>@BRF 1 F","0","0","0%","0%"
"*0645w*","Krisztian Hegyi","WHU","G","622","FA","@BOU Sun 9:00AM","0","0","0%","0%"
"*061vb*","James Hill","BOU","D","624","FA","WHU Sun 9:00AM","0","0","0%","0%"
"*05rkj*","James Hillson","ARS","G","625","W (Tue)","SOU 3<br/>@ARS 3 F","0","0","0%","0%"
"*06450*","Jack Hinchy","BHA","M","626","W (Tue)","","0","0","0%","0%"
"*067ys*","Jack Hinshelwood","BHA","M","627","W (Tue)","","0","0","0%","0%"
"*0328y*","Eldin Jakupovic","EVE","G","634","W (Tue)","EVE 0<br/>@CRY 0 F","0","0","0%","0%"
"*05reu*","Kyle John","EVE","D","635","W (Tue)","EVE 0<br/>@CRY 0 F","0","0","0%","0%"
"*068z2*","Max Kinsey-Wellings","BOU","D","642","FA","WHU Sun 9:00AM","0","0","0%","0%"
"*04ufy*","Matej Kovar","MUN","G","647","W (Tue)","","0","0","0%","0%"
"*066t2*","Will Lankshear","TOT","F","652","FA","@NEW Sun 9:00AM","0","0","0%","0%"
"*066no*","Nico Lawrence","SOU","D","654","W (Tue)","SOU 3<br/>@ARS 3 F","0","0","0%","0%"
"*05xts*","Wanya Marcal-Madivadua","LEI","M","663","W (Tue)","WOL 1<br/>@LEI 2 F","0","0","0%","0%"
"*0643z*","Connor McAvoy","FUL","D","669","W (Tue)","LEE 1<br/>@FUL 2 F","0","0","0%","0%"
"*067x9*","Rowan McDonald","MCI","M","672","W (Tue)","","0","0","0%","0%"
"*0680m*","Callum McFarlane","FUL","F","673","W (Tue)","LEE 1<br/>@FUL 2 F","0","0","0%","0%"
"*066nk*","Amari Miller","LEE","M","679","W (Tue)","LEE 1<br/>@FUL 2 F","0","0","0%","0%"
"*066sb*","Zane Monlouis","ARS","D","682","W (Tue)","SOU 3<br/>@ARS 3 F","0","0","0%","0%"
"*05y7b*","Kris Moore","LEE","D","683","W (Tue)","LEE 1<br/>@FUL 2 F","0","0","0%","0%"
"*05x9m*","Louie Moulden","WOL","G","688","W (Tue)","WOL 1<br/>@LEI 2 F","0","0","0%","0%"
"*05udw*","Romaine Mundle","TOT","M","692","FA","@NEW Sun 9:00AM","0","0","0%","0%"
"*066ng*","Adler Nascimento","CRY","F","698","W (Tue)","EVE 0<br/>@CRY 0 F","0","0","0%","0%"
"*05oel*","Niels Nkounkou","EVE","D","699","W (Tue)","EVE 0<br/>@CRY 0 F","0","0","0%","0%"
"*061vl*","Oliver O'Neill","FUL","M","701","W (Tue)","LEE 1<br/>@FUL 2 F","0","0","0%","0%"
"*060g4*","Tommi O'Reilly","AVL","M","703","W (Tue)","AVL 1<br/>@BRF 1 F","0","0","0%","0%"
"*0643u*","Ferdinand Okoh","BOU","M","707","FA","WHU Sun 9:00AM","0","0","0%","0%"
"*06avl*","Michael Olakigbe","BRF","F","708","W (Tue)","AVL 1<br/>@BRF 1 F","0","0","0%","0%"
"*066iz*","Lewis Orford","WHU","M","711","FA","@BOU Sun 9:00AM","0","0","0%","0%"
"*0680n*","Detlef Esapa Osong","NOT","F","713","W (Tue)","NOT 2<br/>@LIV 3 F","0","0","0%","-0.1%"
"*066ro*","Maximillian Oyedele","MUN","M","714","W (Tue)","","0","0","0%","0%"
"*062ow*","David Ozoh","CRY","M","715","W (Tue)","EVE 0<br/>@CRY 0 F","0","0","0%","0%"
"*0661g*","Stefan Parkes","FUL","D","717","W (Tue)","LEE 1<br/>@FUL 2 F","0","0","0%","0%"
"*06awp*","Travis Patterson","AVL","M","719","W (Tue)","AVL 1<br/>@BRF 1 F","0","0","0%","0%"
"*06451*","Cameron Peupion","BHA","M","724","W (Tue)","","0","0","0%","0%"
"*066e8*","Cameron Plain","BOU","G","727","FA","WHU Sun 9:00AM","0","0","0%","0%"
"*068na*","Euan Pollock","BOU","F","729","FA","WHU Sun 9:00AM","0","0","0%","0%"
"*05y5b*","Freddie Potts","WHU","M","730","FA","@BOU Sun 9:00AM","0","0","0%","0%"
"*068nb*","Sebastian Revan","AVL","D","742","W (Tue)","AVL 1<br/>@BRF 1 F","0","0","0%","0%"
"*05a6i*","Lewis Richards","WOL","D","744","W (Tue)","WOL 1<br/>@LEI 2 F","0","0","0%","0%"
"*0643y*","Charlie Robinson","FUL","D","747","W (Tue)","LEE 1<br/>@FUL 2 F","0","0","0%","0%"
"*04rf7*","Connor Ronan","WOL","M","752","W (Tue)","WOL 1<br/>@LEI 2 F","0","0","0%","0%"
"*0643v*","Dominic Sadi","BOU","F","754","FA","WHU Sun 9:00AM","0","0","0%","0%"
"*067x3*","Lakyle Samuel","MCI","D","756","W (Tue)","","0","0","0%","0%"
"*06440*","Kristian Sekularac","FUL","M","765","W (Tue)","LEE 1<br/>@FUL 2 F","0","0","0%","0%"
"*068yw*","George Shelvey","NOT","G","766","W (Tue)","NOT 2<br/>@LIV 3 F","0","0","0%","0%"
"*05vyb*","Viljami Sinisalo","AVL","G","770","W (Tue)","AVL 1<br/>@BRF 1 F","0","0","0%","0%"
"*066o9*","Joseph Snowdon","LEE","M","778","W (Tue)","LEE 1<br/>@FUL 2 F","0","0","0%","-0.1%"
"*059ix*","Jack Spong","BHA","M","781","W (Tue)","","0","0","0%","0%"
"*05r3z*","Sil Swinkels","AVL","D","786","W (Tue)","AVL 1<br/>@BRF 1 F","0","0","0%","0%"
"*0643w*","Ryan Trevitt","BRF","M","792","W (Tue)","AVL 1<br/>@BRF 1 F","0","0","0%","0%"
"*04kpf*","Nathan Trott","WHU","G","793","FA","@BOU Sun 9:00AM","0","0","0%","0%"
"*05x9j*","Ed Turns","BHA","D","797","W (Tue)","","0","0","0%","0%"
"*0643t*","Jack Wadham","BOU","M","803","FA","WHU Sun 9:00AM","0","0","0%","0%"
"*050js*","Kelland Watts","NEW","D","806","FA","TOT Sun 9:00AM","0","0","0%","0%"
"*048xn*","Alfie Whiteman","TOT","G","811","FA","@NEW Sun 9:00AM","0","0","0%","0%"
"*06ajx*","George Wickens","FUL","G","812","W (Tue)","LEE 1<br/>@FUL 2 F","0","0","0%","0%"
"*06617*","Keehan Willows","NOT","G","815","W (Tue)","NOT 2<br/>@LIV 3 F","0","0","0%","0%"
"*06avm*","James Wright","AVL","G","819","W (Tue)","AVL 1<br/>@BRF 1 F","0","0","0%","0%"
"*066e7*","Yegor Yarmolyuk","BRF","M","821","W (Tue)","AVL 1<br/>@BRF 1 F","0","0","0%","0%"
"*066tb*","Kadan Young","AVL","M","823","W (Tue)","AVL 1<br/>@BRF 1 F","0","0","0%","0%"
"*05r3x*","Oliwer Zych","AVL","G","825","W (Tue)","AVL 1<br/>@BRF 1 F","0","0","0%","0%"
"*05uem*","Marcelo Pitaluga","LIV","G","827","W (Tue)","NOT 2<br/>@LIV 3 F","0","0","0%","0%"
"*05unt*","Mikki van Sas","MCI","G","829","W (Tue)","","0","0","0%","0%"
"*068y6*","Dani van den Heuvel","LEE","G","831","W (Tue)","LEE 1<br/>@FUL 2 F","0","0","0%","0%"
"*052cc*","Billy Gilmour","BHA","M","833","W (Tue)","","-0.5","-0.07","1%","0%"
"*04rh9*","David Brooks","BOU","M","832","FA","WHU Sun 9:00AM","-0.5","-0.25","0%","0%"
"*063dz*","Luke Harris","FUL","M","834","W (Tue)","LEE 1<br/>@FUL 2 F","-0.5","-0.17","0%","0%"
"*03hvn*","Javier Manquillo","NEW","D","835","FA","TOT Sun 9:00AM","-1","-0.5","0%","0%"
"*03pig*","Jamaal Lascelles","NEW","D","840","FA","TOT Sun 9:00AM","-2","-0.33","1%","0%"
"*068yi*","Illia Zabarnyi","BOU","D","843","FA","WHU Sun 9:00AM","-2","-2","0%","0%"
"*068sd*","Jakub Kiwior","ARS","D","838","W (Tue)","SOU 3<br/>@ARS 3 F","-2","-1","0%","0%"
"*02lpr*","Shane Duffy","FUL","D","837","W (Tue)","LEE 1<br/>@FUL 2 F","-2","-0.5","0%","0%"
"*0649l*","Layvin Kurzawa","FUL","D","839","W (Tue)","LEE 1<br/>@FUL 2 F","-2","-0.67","0%","0%"
"*051kd*","Jamal Lewis","NEW","D","842","FA","TOT Sun 9:00AM","-2","-2","0%","0%"
"*05yf3*","Dexter Lembikisa","WOL","D","841","W (Tue)","WOL 1<br/>@LEI 2 F","-2","-2","0%","0%"
"*0643r*","Owen Bevan","BOU","D","836","FA","WHU Sun 9:00AM","-2","-2","0%","0%"
"*02lof*","Ryan Fredericks","BOU","D","844","FA","WHU Sun 9:00AM","-3","-0.25","1%","0%"
"*0452p*","Yan Valery","SOU","D","845","W (Tue)","SOU 3<br/>@ARS 3 F","-3.75","-3.75","0%","0%"
"*02m7d*","Nathaniel Chalobah","FUL","M","846","W (Tue)","LEE 1<br/>@FUL 2 F","-4","-1","0%","0%"